mtllib ladder.mtl
o pCylinder1
usemtl Roof
v 0.25648581981658936 0.009115427746507976 2.854745700955391
v 0.1878642737865448 0.009115427746507976 2.760296180844307
v 0.1878642737865448 16.52892666869593 2.760296180844307
v 0.25648581981658936 0.009115427746507976 2.854745700955391
v 0.1878642737865448 16.52892666869593 2.760296180844307
v 0.25648581981658936 16.52892666869593 2.854745700955391
v 0.1878642737865448 0.009115427746507976 2.760296180844307
v 0.08675925433635712 0.009115427746507976 2.701923206448555
v 0.08675925433635712 16.52892666869593 2.701923206448555
v 0.1878642737865448 0.009115427746507976 2.760296180844307
v 0.08675925433635712 16.52892666869593 2.701923206448555
v 0.1878642737865448 16.52892666869593 2.760296180844307
v 0.08675925433635712 0.009115427746507976 2.701923206448555
v -0.02934722788631916 0.009115427746507976 2.6897199898958206
v -0.02934722788631916 16.52892666869593 2.6897199898958206
v 0.08675925433635712 0.009115427746507976 2.701923206448555
v -0.02934722788631916 16.52892666869593 2.6897199898958206
v 0.08675925433635712 16.52892666869593 2.701923206448555
v -0.02934722788631916 0.009115427746507976 2.6897199898958206
v -0.14037930965423584 0.009115427746507976 2.7257962971925735
v -0.14037930965423584 16.52892666869593 2.7257962971925735
v -0.02934722788631916 0.009115427746507976 2.6897199898958206
v -0.14037930965423584 16.52892666869593 2.7257962971925735
v -0.02934722788631916 16.52892666869593 2.6897199898958206
v -0.14037930965423584 0.009115427746507976 2.7257962971925735
v -0.22713851928710938 0.009115427746507976 2.8039146214723587
v -0.22713851928710938 16.52892666869593 2.8039146214723587
v -0.14037930965423584 0.009115427746507976 2.7257962971925735
v -0.22713851928710938 16.52892666869593 2.8039146214723587
v -0.14037930965423584 16.52892666869593 2.7257962971925735
v -0.22713851928710938 0.009115427746507976 2.8039146214723587
v -0.27462345361709595 0.009115427746507976 2.910567596554756
v -0.27462345361709595 16.52892666869593 2.910567596554756
v -0.22713851928710938 0.009115427746507976 2.8039146214723587
v -0.27462345361709595 16.52892666869593 2.910567596554756
v -0.22713851928710938 16.52892666869593 2.8039146214723587
v -0.27462345361709595 0.009115427746507976 2.910567596554756
v -0.27462345361709595 0.009115427746507976 3.02731354534626
v -0.27462345361709595 16.52892666869593 3.02731354534626
v -0.27462345361709595 0.009115427746507976 2.910567596554756
v -0.27462345361709595 16.52892666869593 3.02731354534626
v -0.27462345361709595 16.52892666869593 2.910567596554756
v -0.27462345361709595 0.009115427746507976 3.02731354534626
v -0.22713857889175415 0.009115427746507976 3.1339662820100784
v -0.22713857889175415 16.52892666869593 3.1339662820100784
v -0.27462345361709595 0.009115427746507976 3.02731354534626
v -0.22713857889175415 16.52892666869593 3.1339662820100784
v -0.27462345361709595 16.52892666869593 3.02731354534626
v -0.22713857889175415 0.009115427746507976 3.1339662820100784
v -0.14037936925888062 0.009115427746507976 3.2120848447084427
v -0.14037936925888062 16.52892666869593 3.2120848447084427
v -0.22713857889175415 0.009115427746507976 3.1339662820100784
v -0.14037936925888062 16.52892666869593 3.2120848447084427
v -0.22713857889175415 16.52892666869593 3.1339662820100784
v -0.14037936925888062 0.009115427746507976 3.2120848447084427
v -0.029347294941544533 0.010843714568352425 3.2481611520051956
v -0.029347294941544533 16.52892666869593 3.2481611520051956
v -0.14037936925888062 0.009115427746507976 3.2120848447084427
v -0.029347294941544533 16.52892666869593 3.2481611520051956
v -0.14037936925888062 16.52892666869593 3.2120848447084427
v -0.029347294941544533 0.010843714568352425 3.2481611520051956
v 0.08675920963287354 0.010843714568352425 3.2359579354524612
v 0.08675920963287354 16.52892666869593 3.2359579354524612
v -0.029347294941544533 0.010843714568352425 3.2481611520051956
v 0.08675920963287354 16.52892666869593 3.2359579354524612
v -0.029347294941544533 16.52892666869593 3.2481611520051956
v 0.08675920963287354 0.010843714568352425 3.2359579354524612
v 0.1878642588853836 0.010843714568352425 3.1775849610567093
v 0.1878642588853836 16.52892666869593 3.1775849610567093
v 0.08675920963287354 0.010843714568352425 3.2359579354524612
v 0.1878642588853836 16.52892666869593 3.1775849610567093
v 0.08675920963287354 16.52892666869593 3.2359579354524612
v 0.1878642588853836 0.010843714568352425 3.1775849610567093
v 0.25648584961891174 0.010843714568352425 3.0831354409456253
v 0.25648584961891174 16.52892666869593 3.0831354409456253
v 0.1878642588853836 0.010843714568352425 3.1775849610567093
v 0.25648584961891174 16.52892666869593 3.0831354409456253
v 0.1878642588853836 16.52892666869593 3.1775849610567093
v 0.25648584961891174 0.010843714568352425 3.0831354409456253
v 0.28075873851776123 0.010843714568352425 2.968940570950508
v 0.28075873851776123 16.52892666869593 2.968940570950508
v 0.25648584961891174 0.010843714568352425 3.0831354409456253
v 0.28075873851776123 16.52892666869593 2.968940570950508
v 0.25648584961891174 16.52892666869593 3.0831354409456253
v 0.28075873851776123 0.010843714568352425 2.968940570950508
v 0.25648581981658936 0.009115427746507976 2.854745700955391
v 0.25648581981658936 16.52892666869593 2.854745700955391
v 0.28075873851776123 0.010843714568352425 2.968940570950508
v 0.25648581981658936 16.52892666869593 2.854745700955391
v 0.28075873851776123 16.52892666869593 2.968940570950508
v 0.1878642737865448 0.009115427746507976 2.760296180844307
v 0.25648581981658936 0.009115427746507976 2.854745700955391
v 0.28075873851776123 0.010843714568352425 2.968940570950508
v 0.25648584961891174 0.010843714568352425 3.0831354409456253
v 0.1878642737865448 0.009115427746507976 2.760296180844307
v 0.28075873851776123 0.010843714568352425 2.968940570950508
v 0.1878642737865448 0.009115427746507976 2.760296180844307
v 0.25648584961891174 0.010843714568352425 3.0831354409456253
v 0.1878642588853836 0.010843714568352425 3.1775849610567093
v 0.08675920963287354 0.010843714568352425 3.2359579354524612
v 0.1878642737865448 0.009115427746507976 2.760296180844307
v 0.1878642588853836 0.010843714568352425 3.1775849610567093
v 0.1878642737865448 0.009115427746507976 2.760296180844307
v 0.08675920963287354 0.010843714568352425 3.2359579354524612
v -0.029347294941544533 0.010843714568352425 3.2481611520051956
v -0.14037936925888062 0.009115427746507976 3.2120848447084427
v 0.1878642737865448 0.009115427746507976 2.760296180844307
v -0.029347294941544533 0.010843714568352425 3.2481611520051956
v 0.1878642737865448 0.009115427746507976 2.760296180844307
v -0.14037936925888062 0.009115427746507976 3.2120848447084427
v -0.22713857889175415 0.009115427746507976 3.1339662820100784
v -0.27462345361709595 0.009115427746507976 3.02731354534626
v 0.1878642737865448 0.009115427746507976 2.760296180844307
v -0.22713857889175415 0.009115427746507976 3.1339662820100784
v 0.1878642737865448 0.009115427746507976 2.760296180844307
v -0.27462345361709595 0.009115427746507976 3.02731354534626
v -0.27462345361709595 0.009115427746507976 2.910567596554756
v -0.22713851928710938 0.009115427746507976 2.8039146214723587
v 0.1878642737865448 0.009115427746507976 2.760296180844307
v -0.27462345361709595 0.009115427746507976 2.910567596554756
v 0.1878642737865448 0.009115427746507976 2.760296180844307
v -0.22713851928710938 0.009115427746507976 2.8039146214723587
v -0.14037930965423584 0.009115427746507976 2.7257962971925735
v -0.02934722788631916 0.009115427746507976 2.6897199898958206
v 0.1878642737865448 0.009115427746507976 2.760296180844307
v -0.14037930965423584 0.009115427746507976 2.7257962971925735
v 0.1878642737865448 0.009115427746507976 2.760296180844307
v -0.02934722788631916 0.009115427746507976 2.6897199898958206
v 0.08675925433635712 0.009115427746507976 2.701923206448555
v 0.28075873851776123 16.52892666869593 2.968940570950508
v 0.25648581981658936 16.52892666869593 2.854745700955391
v 0.1878642737865448 16.52892666869593 2.760296180844307
v 0.08675925433635712 16.52892666869593 2.701923206448555
v 0.28075873851776123 16.52892666869593 2.968940570950508
v 0.1878642737865448 16.52892666869593 2.760296180844307
v 0.28075873851776123 16.52892666869593 2.968940570950508
v 0.08675925433635712 16.52892666869593 2.701923206448555
v -0.02934722788631916 16.52892666869593 2.6897199898958206
v -0.14037930965423584 16.52892666869593 2.7257962971925735
v 0.28075873851776123 16.52892666869593 2.968940570950508
v -0.02934722788631916 16.52892666869593 2.6897199898958206
v 0.28075873851776123 16.52892666869593 2.968940570950508
v -0.14037930965423584 16.52892666869593 2.7257962971925735
v -0.22713851928710938 16.52892666869593 2.8039146214723587
v -0.27462345361709595 16.52892666869593 2.910567596554756
v 0.28075873851776123 16.52892666869593 2.968940570950508
v -0.22713851928710938 16.52892666869593 2.8039146214723587
v 0.28075873851776123 16.52892666869593 2.968940570950508
v -0.27462345361709595 16.52892666869593 2.910567596554756
v -0.27462345361709595 16.52892666869593 3.02731354534626
v -0.22713857889175415 16.52892666869593 3.1339662820100784
v 0.28075873851776123 16.52892666869593 2.968940570950508
v -0.27462345361709595 16.52892666869593 3.02731354534626
v 0.28075873851776123 16.52892666869593 2.968940570950508
v -0.22713857889175415 16.52892666869593 3.1339662820100784
v -0.14037936925888062 16.52892666869593 3.2120848447084427
v -0.029347294941544533 16.52892666869593 3.2481611520051956
v 0.28075873851776123 16.52892666869593 2.968940570950508
v -0.14037936925888062 16.52892666869593 3.2120848447084427
v 0.28075873851776123 16.52892666869593 2.968940570950508
v -0.029347294941544533 16.52892666869593 3.2481611520051956
v 0.08675920963287354 16.52892666869593 3.2359579354524612
v 0.1878642588853836 16.52892666869593 3.1775849610567093
v 0.28075873851776123 16.52892666869593 2.968940570950508
v 0.08675920963287354 16.52892666869593 3.2359579354524612
v 0.28075873851776123 16.52892666869593 2.968940570950508
v 0.1878642588853836 16.52892666869593 3.1775849610567093
v 0.25648584961891174 16.52892666869593 3.0831354409456253
vt -0.40173089504241943 0.4084120988845825
vt -0.40173089504241943 0.40292322635650635
vt 0.5942847728729248 0.40292322635650635
vt -0.40173089504241943 0.4084120988845825
vt 0.5942847728729248 0.40292322635650635
vt 0.5942847728729248 0.4084120988845825
vt -0.40173089504241943 0.40292322635650635
vt -0.4017309546470642 0.3948360085487366
vt 0.5942847728729248 0.3948359489440918
vt -0.40173089504241943 0.40292322635650635
vt 0.5942847728729248 0.3948359489440918
vt 0.5942847728729248 0.40292322635650635
vt -0.4017309546470642 0.3948360085487366
vt -0.4017309546470642 0.3855488896369934
vt 0.5942847728729248 0.38554883003234863
vt -0.4017309546470642 0.3948360085487366
vt 0.5942847728729248 0.38554883003234863
vt 0.5942847728729248 0.3948359489440918
vt -0.4017309546470642 0.3855488896369934
vt -0.4017309546470642 0.3766675591468811
vt 0.5942847728729248 0.3766676187515259
vt -0.4017309546470642 0.3855488896369934
vt 0.5942847728729248 0.3766676187515259
vt 0.5942847728729248 0.38554883003234863
vt -0.4017309546470642 0.3766675591468811
vt -0.40173089504241943 0.36972784996032715
vt 0.5942847728729248 0.36972784996032715
vt -0.4017309546470642 0.3766675591468811
vt 0.5942847728729248 0.36972784996032715
vt 0.5942847728729248 0.3766676187515259
vt 0.5942850112915039 0.415627121925354
vt 0.5942850112915039 0.424157977104187
vt -0.40173065662384033 0.4241580367088318
vt 0.5942850112915039 0.415627121925354
vt -0.40173065662384033 0.4241580367088318
vt -0.40173065662384033 0.41562706232070923
vt 0.5942850112915039 0.424157977104187
vt 0.5942850112915039 0.433496356010437
vt -0.40173059701919556 0.433496356010437
vt 0.5942850112915039 0.424157977104187
vt -0.40173059701919556 0.433496356010437
vt -0.40173065662384033 0.4241580367088318
vt 0.5942850112915039 0.433496356010437
vt 0.5942850112915039 0.44202733039855957
vt -0.40173065662384033 0.44202733039855957
vt 0.5942850112915039 0.433496356010437
vt -0.40173065662384033 0.44202733039855957
vt -0.40173059701919556 0.433496356010437
vt 0.5942850112915039 0.44202733039855957
vt 0.5942850112915039 0.44827592372894287
vt -0.40173059701919556 0.44827592372894287
vt 0.5942850112915039 0.44202733039855957
vt -0.40173059701919556 0.44827592372894287
vt -0.40173065662384033 0.44202733039855957
vt 0.5942850112915039 0.45585739612579346
vt 0.5899300575256348 0.46473872661590576
vt -0.40173059701919556 0.46473872661590576
vt 0.5942850112915039 0.45585739612579346
vt -0.40173059701919556 0.46473872661590576
vt -0.40173059701919556 0.45585739612579346
vt 0.5899300575256348 0.46473872661590576
vt 0.5899300575256348 0.4740258455276489
vt -0.40173059701919556 0.4740258455276489
vt 0.5899300575256348 0.46473872661590576
vt -0.40173059701919556 0.4740258455276489
vt -0.40173059701919556 0.46473872661590576
vt 0.5899300575256348 0.4740258455276489
vt 0.5899300575256348 0.4821131229400635
vt -0.40173062682151794 0.4821130633354187
vt 0.5899300575256348 0.4740258455276489
vt -0.40173062682151794 0.4821130633354187
vt -0.40173059701919556 0.4740258455276489
vt 0.5899300575256348 0.4821131229400635
vt 0.5899300575256348 0.4876018762588501
vt -0.40173065662384033 0.4876018762588501
vt 0.5899300575256348 0.4821131229400635
vt -0.40173065662384033 0.4876018762588501
vt -0.40173062682151794 0.4821130633354187
vt 0.5899301171302795 0.4942591190338135
vt 0.5899301171302795 0.5033933520317078
vt -0.40173059701919556 0.5033933520317078
vt 0.5899301171302795 0.4942591190338135
vt -0.40173059701919556 0.5033933520317078
vt -0.40173059701919556 0.4942591190338135
vt 0.5899301171302795 0.5033933520317078
vt 0.5942850112915039 0.512527585029602
vt -0.40173059701919556 0.512527585029602
vt 0.5899301171302795 0.5033933520317078
vt -0.40173059701919556 0.512527585029602
vt -0.40173059701919556 0.5033933520317078
vt 0.5886397361755371 0.6080561876296997
vt 0.5810849070549011 0.6135450005531311
vt 0.5719506740570068 0.6154865026473999
vt 0.5628164410591125 0.6135450005531311
vt 0.5886397361755371 0.6080561876296997
vt 0.5719506740570068 0.6154865026473999
vt 0.5886397361755371 0.6080561876296997
vt 0.5628164410591125 0.6135450005531311
vt 0.5552616119384766 0.6080562472343445
vt 0.5505924224853516 0.5999689102172852
vt 0.5886397361755371 0.6080561876296997
vt 0.5552616119384766 0.6080562472343445
vt 0.5886397361755371 0.6080561876296997
vt 0.5505924224853516 0.5999689102172852
vt 0.5496163368225098 0.5906817317008972
vt 0.5525019764900208 0.5818005204200745
vt 0.5886397361755371 0.6080561876296997
vt 0.5496163368225098 0.5906817317008972
vt 0.5886397361755371 0.6080561876296997
vt 0.5525019764900208 0.5818005204200745
vt 0.5587505102157593 0.5748607516288757
vt 0.5672814846038818 0.5710625648498535
vt 0.5886397361755371 0.6080561876296997
vt 0.5587505102157593 0.5748607516288757
vt 0.5886397361755371 0.6080561876296997
vt 0.5672814846038818 0.5710625648498535
vt 0.5766198039054871 0.5710625052452087
vt 0.5851507782936096 0.5748607516288757
vt 0.5886397361755371 0.6080561876296997
vt 0.5766198039054871 0.5710625052452087
vt 0.5886397361755371 0.6080561876296997
vt 0.5851507782936096 0.5748607516288757
vt 0.5913993120193481 0.5818004608154297
vt 0.5942850112915039 0.590681791305542
vt 0.5886397361755371 0.6080561876296997
vt 0.5913993120193481 0.5818004608154297
vt 0.5886397361755371 0.6080561876296997
vt 0.5942850112915039 0.590681791305542
vt 0.5933089256286621 0.5999689102172852
vt 0.5719506740570068 0.5642842650413513
vt 0.5628163814544678 0.5623427629470825
vt 0.5552615523338318 0.5568538308143616
vt 0.5505923628807068 0.5487666130065918
vt 0.5719506740570068 0.5642842650413513
vt 0.5552615523338318 0.5568538308143616
vt 0.5719506740570068 0.5642842650413513
vt 0.5505923628807068 0.5487666130065918
vt 0.5496162176132202 0.5394794940948486
vt 0.5525020956993103 0.5305982232093811
vt 0.5719506740570068 0.5642842650413513
vt 0.5496162176132202 0.5394794940948486
vt 0.5719506740570068 0.5642842650413513
vt 0.5525020956993103 0.5305982232093811
vt 0.5587504506111145 0.5236585140228271
vt 0.5672816038131714 0.5198602676391602
vt 0.5719506740570068 0.5642842650413513
vt 0.5587504506111145 0.5236585140228271
vt 0.5719506740570068 0.5642842650413513
vt 0.5672816038131714 0.5198602676391602
vt 0.5766197443008423 0.5198602676391602
vt 0.5851508378982544 0.5236585140228271
vt 0.5719506740570068 0.5642842650413513
vt 0.5766197443008423 0.5198602676391602
vt 0.5719506740570068 0.5642842650413513
vt 0.5851508378982544 0.5236585140228271
vt 0.5913992524147034 0.5305982232093811
vt 0.5942850708961487 0.5394794344902039
vt 0.5719506740570068 0.5642842650413513
vt 0.5913992524147034 0.5305982232093811
vt 0.5719506740570068 0.5642842650413513
vt 0.5942850708961487 0.5394794344902039
vt 0.5933088660240173 0.5487666130065918
vt 0.5886397957801819 0.5568538308143616
vt 0.5719506740570068 0.5642842650413513
vt 0.5933088660240173 0.5487666130065918
vt 0.5719506740570068 0.5642842650413513
vt 0.5886397957801819 0.5568538308143616
vt 0.5810848474502563 0.5623427629470825
vn 0.9132346484755586 0 -0.40743401530029727
vn 0.6691307188083297 0 -0.74314472422742
vn 0.6691307188083297 0 -0.74314472422742
vn 0.9132346484755586 0 -0.40743401530029727
vn 0.6691307188083297 0 -0.74314472422742
vn 0.913543075523601 0 -0.40674199336050854
vn 0.6691307188083297 0 -0.74314472422742
vn 0.3090172104800831 0 -0.9510564460783114
vn 0.3090172104800831 0 -0.9510564460783114
vn 0.6691307188083297 0 -0.74314472422742
vn 0.3090172104800831 0 -0.9510564460783114
vn 0.6691307188083297 0 -0.74314472422742
vn 0.3090172104800831 0 -0.9510564460783114
vn -0.1045277202883824 0 -0.9945219734582609
vn -0.1045277202883824 0 -0.9945219734582609
vn 0.3090172104800831 0 -0.9510564460783114
vn -0.1045277202883824 0 -0.9945219734582609
vn 0.3090172104800831 0 -0.9510564460783114
vn -0.1045277202883824 0 -0.9945219734582609
vn -0.4999994237321918 0 -0.8660257364925571
vn -0.4999994237321918 0 -0.8660257364925571
vn -0.1045277202883824 0 -0.9945219734582609
vn -0.4999994237321918 0 -0.8660257364925571
vn -0.1045277202883824 0 -0.9945219734582609
vn -0.4999994237321918 0 -0.8660257364925571
vn -0.8090171685622192 0 -0.5877850125441868
vn -0.8090171685622192 0 -0.5877850125441868
vn -0.4999994237321918 0 -0.8660257364925571
vn -0.8090171685622192 0 -0.5877850125441868
vn -0.4999994237321918 0 -0.8660257364925571
vn -0.8090171685622192 0 -0.5877850125441868
vn -0.9781475640419743 0 -0.2079118634391794
vn -0.9781475640419743 0 -0.2079118634391794
vn -0.8090171685622192 0 -0.5877850125441868
vn -0.9781475640419743 0 -0.2079118634391794
vn -0.8090171685622192 0 -0.5877850125441868
vn -0.9781475640419743 0 -0.2079118634391794
vn -0.9781476116210174 0 0.2079116395974482
vn -0.9781476116210174 0 0.2079116395974482
vn -0.9781475640419743 0 -0.2079118634391794
vn -0.9781476116210174 0 0.2079116395974482
vn -0.9781475640419743 0 -0.2079118634391794
vn -0.9781476116210174 0 0.2079116395974482
vn -0.8090172535932745 0 0.587784895508889
vn -0.8090172535932745 0 0.587784895508889
vn -0.9781476116210174 0 0.2079116395974482
vn -0.8090172535932745 0 0.587784895508889
vn -0.9781476116210174 0 0.2079116395974482
vn -0.8090172535932745 0 0.587784895508889
vn -0.5006603640625753 0 0.8656438065721543
vn -0.5000043987836845 0 0.866022864130599
vn -0.8090172535932745 0 0.587784895508889
vn -0.5000043987836845 0 0.866022864130599
vn -0.8090172535932745 0 0.587784895508889
vn -0.5006603640625753 0 0.8656438065721543
vn -0.10528268677412596 0 0.9944423341077256
vn -0.10453455954280902 0 0.9945212546050441
vn -0.5006603640625753 0 0.8656438065721543
vn -0.10453455954280902 0 0.9945212546050441
vn -0.5000043987836845 0 0.866022864130599
vn -0.10528268677412596 0 0.9944423341077256
vn 0.30901604463499016 0 0.9510568248838477
vn 0.30901604463499016 0 0.9510568248838477
vn -0.10528268677412596 0 0.9944423341077256
vn 0.30901604463499016 0 0.9510568248838477
vn -0.10453455954280902 0 0.9945212546050441
vn 0.30901604463499016 0 0.9510568248838477
vn 0.6691307188083297 0 0.74314472422742
vn 0.6691307188083297 0 0.74314472422742
vn 0.30901604463499016 0 0.9510568248838477
vn 0.6691307188083297 0 0.74314472422742
vn 0.30901604463499016 0 0.9510568248838477
vn 0.6691307188083297 0 0.74314472422742
vn 0.9135454841703883 0 0.40673658349340874
vn 0.9135454841703883 0 0.40673658349340874
vn 0.6691307188083297 0 0.74314472422742
vn 0.9135454841703883 0 0.40673658349340874
vn 0.6691307188083297 0 0.74314472422742
vn 0.9135454841703883 0 0.40673658349340874
vn 0.999999712742643 0 -0.0007579674341268796
vn 0.9999999999837677 0 -0.000005697776941722903
vn 0.9135454841703883 0 0.40673658349340874
vn 0.9999999999837677 0 -0.000005697776941722903
vn 0.9135454841703883 0 0.40673658349340874
vn 0.999999712742643 0 -0.0007579674341268796
vn 0.9132346484755586 0 -0.40743401530029727
vn 0.913543075523601 0 -0.40674199336050854
vn 0.999999712742643 0 -0.0007579674341268796
vn 0.913543075523601 0 -0.40674199336050854
vn 0.9999999999837677 0 -0.000005697776941722903
vn 0.0022876083201067857 -0.9999941595442888 0.002539237185641245
vn 0.002287608183755858 -0.999994159544985 0.002539237034292195
vn 0.0022876083201067857 -0.9999941595442888 0.002539237185641245
vn 0.0022876081837549613 -0.9999941595445931 0.0025392371887362655
vn 0.0022876083201067857 -0.9999941595442888 0.002539237185641245
vn 0.0022876083201067857 -0.9999941595442888 0.002539237185641245
vn 0.0022876083201067857 -0.9999941595442888 0.002539237185641245
vn 0.0022876081837549613 -0.9999941595445931 0.0025392371887362655
vn 0.002287608474550155 -0.9999941595435434 0.0025392373400844265
vn 0.002287608474550155 -0.9999941595435434 0.0025392373400844265
vn 0.0022876083201067857 -0.9999941595442888 0.002539237185641245
vn 0.002287608474550155 -0.9999941595435434 0.0025392373400844265
vn 0.0022876083201067857 -0.9999941595442888 0.002539237185641245
vn 0.002287608474550155 -0.9999941595435434 0.0025392373400844265
vn 0.002287608183755858 -0.999994159544985 0.002539237034292195
vn 0.002287608183755858 -0.999994159544985 0.002539237034292195
vn 0.0022876083201067857 -0.9999941595442888 0.002539237185641245
vn 0.002287608183755858 -0.999994159544985 0.002539237034292195
vn 0.0022876083201067857 -0.9999941595442888 0.002539237185641245
vn 0.002287608183755858 -0.999994159544985 0.002539237034292195
vn 0.0022876083201067857 -0.9999941595442888 0.002539237185641245
vn 0.002287608474550155 -0.9999941595435434 0.0025392373400844265
vn 0.0022876083201067857 -0.9999941595442888 0.002539237185641245
vn 0.0022876083201067857 -0.9999941595442888 0.002539237185641245
vn 0.0022876083201067857 -0.9999941595442888 0.002539237185641245
vn 0.002287608474550155 -0.9999941595435434 0.0025392373400844265
vn 0.0022876081837549613 -0.9999941595445931 0.0025392371887362655
vn 0.0022876083201058884 -0.9999941595438967 0.002539237340085324
vn 0.0022876083201067857 -0.9999941595442888 0.002539237185641245
vn 0.0022876081837549613 -0.9999941595445931 0.0025392371887362655
vn 0.0022876083201067857 -0.9999941595442888 0.002539237185641245
vn 0.0022876083201058884 -0.9999941595438967 0.002539237340085324
vn 0.0022876083201058884 -0.9999941595438967 0.002539237340085324
vn 0.0022876083382001155 -0.9999941595446318 0.0025392370342912983
vn 0.0022876083201067857 -0.9999941595442888 0.002539237185641245
vn 0.0022876083201058884 -0.9999941595438967 0.002539237340085324
vn 0.0022876083201067857 -0.9999941595442888 0.002539237185641245
vn 0.0022876083382001155 -0.9999941595446318 0.0025392370342912983
vn 0.0022876083201058884 -0.9999941595438967 0.002539237340085324
vn 0 0.9999999999999459 -3.28854714428587e-7
vn 0 0.9999999999999459 -3.2885475213500066e-7
vn 0 0.9999999999999459 -3.2885475213500066e-7
vn 0 0.9999999999999459 -3.28854714428587e-7
vn 0 0.9999999999999459 -3.28854714428587e-7
vn 0 0.9999999999999459 -3.2885475213500066e-7
vn 0 0.9999999999999459 -3.28854714428587e-7
vn 0 0.9999999999999459 -3.28854714428587e-7
vn 0 0.9999999999999459 -3.2885475213500066e-7
vn 0 0.9999999999999459 -3.28854714428587e-7
vn 0 0.9999999999999459 -3.28854714428587e-7
vn 0 0.9999999999999459 -3.2885475213500066e-7
vn 0 0.9999999999999459 -3.28854714428587e-7
vn 0 0.9999999999999459 -3.28854714428587e-7
vn 0 0.9999999999999459 -3.28854714428587e-7
vn 0 0.9999999999999459 -3.28854714428587e-7
vn 0 0.9999999999999459 -3.28854714428587e-7
vn 0 0.9999999999999459 -3.28854714428587e-7
vn 0 0.9999999999999459 -3.28854714428587e-7
vn 0 0.9999999999999459 -3.28854714428587e-7
vn 0 0.9999999999999459 -3.28854714428587e-7
vn 0 0.9999999999999459 -3.28854714428587e-7
vn 0 0.9999999999999459 -3.28854714428587e-7
vn 0 0.9999999999999459 -3.28854714428587e-7
vn 0 0.9999999999999459 -3.28854714428587e-7
vn 0 0.9999999999999459 -3.28854714428587e-7
vn 0 0.9999999999999459 -3.28854714428587e-7
vn 0 0.9999999999999459 -3.2885475213500066e-7
vn 0 0.9999999999999459 -3.28854714428587e-7
vn 0 0.9999999999999459 -3.28854714428587e-7
vn 0 0.9999999999999459 -3.28854714428587e-7
vn 0 0.9999999999999459 -3.2885475213500066e-7
vn 0 0.9999999999999459 -3.28854714428587e-7
vn 0 0.9999999999999459 -3.28854714428587e-7
vn 0 0.9999999999999459 -3.28854714428587e-7
vn 0 0.9999999999999459 -3.28854714428587e-7
vn 0 0.9999999999999459 -3.28854714428587e-7
vn 0 0.9999999999999459 -3.28854714428587e-7
vn 0 0.9999999999999459 -3.28854714428587e-7
f 1/1/1 2/2/2 3/3/3
f 4/4/4 5/5/5 6/6/6
f 7/7/7 8/8/8 9/9/9
f 10/10/10 11/11/11 12/12/12
f 13/13/13 14/14/14 15/15/15
f 16/16/16 17/17/17 18/18/18
f 19/19/19 20/20/20 21/21/21
f 22/22/22 23/23/23 24/24/24
f 25/25/25 26/26/26 27/27/27
f 28/28/28 29/29/29 30/30/30
f 31/31/31 32/32/32 33/33/33
f 34/34/34 35/35/35 36/36/36
f 37/37/37 38/38/38 39/39/39
f 40/40/40 41/41/41 42/42/42
f 43/43/43 44/44/44 45/45/45
f 46/46/46 47/47/47 48/48/48
f 49/49/49 50/50/50 51/51/51
f 52/52/52 53/53/53 54/54/54
f 55/55/55 56/56/56 57/57/57
f 58/58/58 59/59/59 60/60/60
f 61/61/61 62/62/62 63/63/63
f 64/64/64 65/65/65 66/66/66
f 67/67/67 68/68/68 69/69/69
f 70/70/70 71/71/71 72/72/72
f 73/73/73 74/74/74 75/75/75
f 76/76/76 77/77/77 78/78/78
f 79/79/79 80/80/80 81/81/81
f 82/82/82 83/83/83 84/84/84
f 85/85/85 86/86/86 87/87/87
f 88/88/88 89/89/89 90/90/90
f 91/91/91 92/92/92 93/93/93
f 94/94/94 95/95/95 96/96/96
f 97/97/97 98/98/98 99/99/99
f 100/100/100 101/101/101 102/102/102
f 103/103/103 104/104/104 105/105/105
f 106/106/106 107/107/107 108/108/108
f 109/109/109 110/110/110 111/111/111
f 112/112/112 113/113/113 114/114/114
f 115/115/115 116/116/116 117/117/117
f 118/118/118 119/119/119 120/120/120
f 121/121/121 122/122/122 123/123/123
f 124/124/124 125/125/125 126/126/126
f 127/127/127 128/128/128 129/129/129
f 130/130/130 131/131/131 132/132/132
f 133/133/133 134/134/134 135/135/135
f 136/136/136 137/137/137 138/138/138
f 139/139/139 140/140/140 141/141/141
f 142/142/142 143/143/143 144/144/144
f 145/145/145 146/146/146 147/147/147
f 148/148/148 149/149/149 150/150/150
f 151/151/151 152/152/152 153/153/153
f 154/154/154 155/155/155 156/156/156
f 157/157/157 158/158/158 159/159/159
f 160/160/160 161/161/161 162/162/162
f 163/163/163 164/164/164 165/165/165
f 166/166/166 167/167/167 168/168/168
o Ladder
usemtl Roof
v 0.16229416723737036 0.009115427746507976 -0.22909829173853025
v 0.055080434467227796 0.009115427746507976 -0.2753027125810066
v 0.055080434467227796 16.52892666869593 -0.2753027125810066
v 0.16229416723737036 0.009115427746507976 -0.22909829173853025
v 0.055080434467227796 16.52892666869593 -0.2753027125810066
v 0.16229416723737036 16.52892666869593 -0.22909829173853025
v 0.055080434467227796 0.009115427746507976 -0.2753027125810066
v -0.0616572369523931 0.009115427746507976 -0.2739047796366867
v -0.0616572369523931 16.52892666869593 -0.2739047796366867
v 0.055080434467227796 0.009115427746507976 -0.2753027125810066
v -0.0616572369523931 16.52892666869593 -0.2739047796366867
v 0.055080434467227796 16.52892666869593 -0.2753027125810066
v -0.0616572369523931 0.009115427746507976 -0.2739047796366867
v -0.16773380397231963 0.009115427746507976 -0.225146209429559
v -0.16773380397231963 16.52892666869593 -0.225146209429559
v -0.0616572369523931 0.009115427746507976 -0.2739047796366867
v -0.16773380397231963 16.52892666869593 -0.225146209429559
v -0.0616572369523931 16.52892666869593 -0.2739047796366867
v -0.16773380397231963 0.009115427746507976 -0.225146209429559
v -0.24480767330019582 0.009115427746507976 -0.13745781197843068
v -0.24480767330019582 16.52892666869593 -0.13745781197843068
v -0.16773380397231963 0.009115427746507976 -0.225146209429559
v -0.24480767330019582 16.52892666869593 -0.13745781197843068
v -0.16773380397231963 16.52892666869593 -0.225146209429559
v -0.24480767330019582 0.009115427746507976 -0.13745781197843068
v -0.27955205220153534 0.009115427746507976 -0.026001704670773257
v -0.27955205220153534 16.52892666869593 -0.026001704670773257
v -0.24480767330019582 0.009115427746507976 -0.13745781197843068
v -0.27955205220153534 16.52892666869593 -0.026001704670773257
v -0.24480767330019582 16.52892666869593 -0.13745781197843068
v -0.27955205220153534 0.009115427746507976 -0.026001704670773257
v -0.2659593780398628 0.009115427746507976 0.08995034702677551
v -0.2659593780398628 16.52892666869593 0.08995034702677551
v -0.27955205220153534 0.009115427746507976 -0.026001704670773257
v -0.2659593780398628 16.52892666869593 0.08995034702677551
v -0.27955205220153534 16.52892666869593 -0.026001704670773257
v -0.2659593780398628 0.009115427746507976 0.08995034702677551
v -0.20637986885020412 0.009115427746507976 0.19034915114646567
v -0.20637986885020412 16.52892666869593 0.19034915114646567
v -0.2659593780398628 0.009115427746507976 0.08995034702677551
v -0.20637986885020412 16.52892666869593 0.19034915114646567
v -0.2659593780398628 16.52892666869593 0.08995034702677551
v -0.20637986885020412 0.009115427746507976 0.19034915114646567
v -0.11111541605286937 0.009115427746507976 0.2578348698139825
v -0.11111541605286937 16.52892666869593 0.2578348698139825
v -0.20637986885020412 0.009115427746507976 0.19034915114646567
v -0.11111541605286937 16.52892666869593 0.2578348698139825
v -0.20637986885020412 16.52892666869593 0.19034915114646567
v -0.11111541605286937 0.009115427746507976 0.2578348698139825
v 0.0033619083571076874 0.009115427746507976 0.28073858666206153
v 0.0033619083571076874 16.52892666869593 0.28073858666206153
v -0.11111541605286937 0.009115427746507976 0.2578348698139825
v 0.0033619083571076874 16.52892666869593 0.28073858666206153
v -0.11111541605286937 16.52892666869593 0.2578348698139825
v 0.0033619083571076874 0.009115427746507976 0.28073858666206153
v 0.11725791638566452 0.00863084952339932 0.25510003840883766
v 0.11725791638566452 16.52892666869593 0.25510003840883766
v 0.0033619083571076874 0.009115427746507976 0.28073858666206153
v 0.11725791638566452 16.52892666869593 0.25510003840883766
v 0.0033619083571076874 16.52892666869593 0.28073858666206153
v 0.11725791638566452 0.00863084952339932 0.25510003840883766
v 0.2108790015213593 0.00863084952339932 0.18535240480731477
v 0.2108790015213593 16.52892666869593 0.18535240480731477
v 0.11725791638566452 0.00863084952339932 0.25510003840883766
v 0.2108790015213593 16.52892666869593 0.18535240480731477
v 0.11725791638566452 16.52892666869593 0.25510003840883766
v 0.2108790015213593 0.00863084952339932 0.18535240480731477
v 0.2680371741714591 0.00863084952339932 0.08355562690487164
v 0.2680371741714591 16.52892666869593 0.08355562690487164
v 0.2108790015213593 0.00863084952339932 0.18535240480731477
v 0.2680371741714591 16.52892666869593 0.08355562690487164
v 0.2108790015213593 16.52892666869593 0.18535240480731477
v 0.2680371741714591 0.00863084952339932 0.08355562690487164
v 0.27884926447186054 0.00863084952339932 -0.03268866943293068
v 0.27884926447186054 16.52892666869593 -0.03268866943293068
v 0.2680371741714591 0.00863084952339932 0.08355562690487164
v 0.27884926447186054 16.52892666869593 -0.03268866943293068
v 0.2680371741714591 16.52892666869593 0.08355562690487164
v 0.27884926447186054 0.00863084952339932 -0.03268866943293068
v 0.241445808597085 0.00863084952339932 -0.143280817916569
v 0.241445808597085 16.52892666869593 -0.143280817916569
v 0.27884926447186054 0.00863084952339932 -0.03268866943293068
v 0.241445808597085 16.52892666869593 -0.143280817916569
v 0.27884926447186054 16.52892666869593 -0.03268866943293068
v 0.241445808597085 0.00863084952339932 -0.143280817916569
v 0.16229416723737036 0.009115427746507976 -0.22909829173853025
v 0.16229416723737036 16.52892666869593 -0.22909829173853025
v 0.241445808597085 0.00863084952339932 -0.143280817916569
v 0.16229416723737036 16.52892666869593 -0.22909829173853025
v 0.241445808597085 16.52892666869593 -0.143280817916569
v 0.055080434467227796 0.009115427746507976 -0.2753027125810066
v 0.16229416723737036 0.009115427746507976 -0.22909829173853025
v 0.241445808597085 0.00863084952339932 -0.143280817916569
v 0.27884926447186054 0.00863084952339932 -0.03268866943293068
v 0.055080434467227796 0.009115427746507976 -0.2753027125810066
v 0.241445808597085 0.00863084952339932 -0.143280817916569
v 0.055080434467227796 0.009115427746507976 -0.2753027125810066
v 0.27884926447186054 0.00863084952339932 -0.03268866943293068
v 0.2680371741714591 0.00863084952339932 0.08355562690487164
v 0.2108790015213593 0.00863084952339932 0.18535240480731477
v 0.055080434467227796 0.009115427746507976 -0.2753027125810066
v 0.2680371741714591 0.00863084952339932 0.08355562690487164
v 0.055080434467227796 0.009115427746507976 -0.2753027125810066
v 0.2108790015213593 0.00863084952339932 0.18535240480731477
v 0.11725791638566452 0.00863084952339932 0.25510003840883766
v 0.0033619083571076874 0.009115427746507976 0.28073858666206153
v 0.055080434467227796 0.009115427746507976 -0.2753027125810066
v 0.11725791638566452 0.00863084952339932 0.25510003840883766
v 0.055080434467227796 0.009115427746507976 -0.2753027125810066
v 0.0033619083571076874 0.009115427746507976 0.28073858666206153
v -0.11111541605286937 0.009115427746507976 0.2578348698139825
v -0.20637986885020412 0.009115427746507976 0.19034915114646567
v 0.055080434467227796 0.009115427746507976 -0.2753027125810066
v -0.11111541605286937 0.009115427746507976 0.2578348698139825
v 0.055080434467227796 0.009115427746507976 -0.2753027125810066
v -0.20637986885020412 0.009115427746507976 0.19034915114646567
v -0.2659593780398628 0.009115427746507976 0.08995034702677551
v -0.27955205220153534 0.009115427746507976 -0.026001704670773257
v 0.055080434467227796 0.009115427746507976 -0.2753027125810066
v -0.2659593780398628 0.009115427746507976 0.08995034702677551
v 0.055080434467227796 0.009115427746507976 -0.2753027125810066
v -0.27955205220153534 0.009115427746507976 -0.026001704670773257
v -0.24480767330019582 0.009115427746507976 -0.13745781197843068
v -0.16773380397231963 0.009115427746507976 -0.225146209429559
v 0.055080434467227796 0.009115427746507976 -0.2753027125810066
v -0.24480767330019582 0.009115427746507976 -0.13745781197843068
v 0.055080434467227796 0.009115427746507976 -0.2753027125810066
v -0.16773380397231963 0.009115427746507976 -0.225146209429559
v -0.0616572369523931 0.009115427746507976 -0.2739047796366867
v 0.241445808597085 16.52892666869593 -0.143280817916569
v 0.16229416723737036 16.52892666869593 -0.22909829173853025
v 0.055080434467227796 16.52892666869593 -0.2753027125810066
v -0.0616572369523931 16.52892666869593 -0.2739047796366867
v 0.241445808597085 16.52892666869593 -0.143280817916569
v 0.055080434467227796 16.52892666869593 -0.2753027125810066
v 0.241445808597085 16.52892666869593 -0.143280817916569
v -0.0616572369523931 16.52892666869593 -0.2739047796366867
v -0.16773380397231963 16.52892666869593 -0.225146209429559
v -0.24480767330019582 16.52892666869593 -0.13745781197843068
v 0.241445808597085 16.52892666869593 -0.143280817916569
v -0.16773380397231963 16.52892666869593 -0.225146209429559
v 0.241445808597085 16.52892666869593 -0.143280817916569
v -0.24480767330019582 16.52892666869593 -0.13745781197843068
v -0.27955205220153534 16.52892666869593 -0.026001704670773257
v -0.2659593780398628 16.52892666869593 0.08995034702677551
v 0.241445808597085 16.52892666869593 -0.143280817916569
v -0.27955205220153534 16.52892666869593 -0.026001704670773257
v 0.241445808597085 16.52892666869593 -0.143280817916569
v -0.2659593780398628 16.52892666869593 0.08995034702677551
v -0.20637986885020412 16.52892666869593 0.19034915114646567
v -0.11111541605286937 16.52892666869593 0.2578348698139825
v 0.241445808597085 16.52892666869593 -0.143280817916569
v -0.20637986885020412 16.52892666869593 0.19034915114646567
v 0.241445808597085 16.52892666869593 -0.143280817916569
v -0.11111541605286937 16.52892666869593 0.2578348698139825
v 0.0033619083571076874 16.52892666869593 0.28073858666206153
v 0.11725791638566452 16.52892666869593 0.25510003840883766
v 0.241445808597085 16.52892666869593 -0.143280817916569
v 0.0033619083571076874 16.52892666869593 0.28073858666206153
v 0.241445808597085 16.52892666869593 -0.143280817916569
v 0.11725791638566452 16.52892666869593 0.25510003840883766
v 0.2108790015213593 16.52892666869593 0.18535240480731477
v 0.2680371741714591 16.52892666869593 0.08355562690487164
v 0.241445808597085 16.52892666869593 -0.143280817916569
v 0.2108790015213593 16.52892666869593 0.18535240480731477
v 0.241445808597085 16.52892666869593 -0.143280817916569
v 0.2680371741714591 16.52892666869593 0.08355562690487164
v 0.27884926447186054 16.52892666869593 -0.03268866943293068
vt -0.40173089504241943 0.4084120988845825
vt -0.40173089504241943 0.40292322635650635
vt 0.5942847728729248 0.40292322635650635
vt -0.40173089504241943 0.4084120988845825
vt 0.5942847728729248 0.40292322635650635
vt 0.5942847728729248 0.4084120988845825
vt -0.40173089504241943 0.40292322635650635
vt -0.4017309546470642 0.3948360085487366
vt 0.5942847728729248 0.3948359489440918
vt -0.40173089504241943 0.40292322635650635
vt 0.5942847728729248 0.3948359489440918
vt 0.5942847728729248 0.40292322635650635
vt -0.4017309546470642 0.3948360085487366
vt -0.4017309546470642 0.3855488896369934
vt 0.5942847728729248 0.38554883003234863
vt -0.4017309546470642 0.3948360085487366
vt 0.5942847728729248 0.38554883003234863
vt 0.5942847728729248 0.3948359489440918
vt -0.4017309546470642 0.3855488896369934
vt -0.4017309546470642 0.3766675591468811
vt 0.5942847728729248 0.3766676187515259
vt -0.4017309546470642 0.3855488896369934
vt 0.5942847728729248 0.3766676187515259
vt 0.5942847728729248 0.38554883003234863
vt -0.4017309546470642 0.3766675591468811
vt -0.40173089504241943 0.36972784996032715
vt 0.5942847728729248 0.36972784996032715
vt -0.4017309546470642 0.3766675591468811
vt 0.5942847728729248 0.36972784996032715
vt 0.5942847728729248 0.3766676187515259
vt 0.5942850112915039 0.415627121925354
vt 0.5942850112915039 0.424157977104187
vt -0.40173065662384033 0.4241580367088318
vt 0.5942850112915039 0.415627121925354
vt -0.40173065662384033 0.4241580367088318
vt -0.40173065662384033 0.41562706232070923
vt 0.5942850112915039 0.424157977104187
vt 0.5942850112915039 0.433496356010437
vt -0.40173059701919556 0.433496356010437
vt 0.5942850112915039 0.424157977104187
vt -0.40173059701919556 0.433496356010437
vt -0.40173065662384033 0.4241580367088318
vt 0.5942850112915039 0.433496356010437
vt 0.5942850112915039 0.44202733039855957
vt -0.40173065662384033 0.44202733039855957
vt 0.5942850112915039 0.433496356010437
vt -0.40173065662384033 0.44202733039855957
vt -0.40173059701919556 0.433496356010437
vt 0.5942850112915039 0.44202733039855957
vt 0.5942850112915039 0.44827592372894287
vt -0.40173059701919556 0.44827592372894287
vt 0.5942850112915039 0.44202733039855957
vt -0.40173059701919556 0.44827592372894287
vt -0.40173065662384033 0.44202733039855957
vt 0.5942850112915039 0.45585739612579346
vt 0.5899300575256348 0.46473872661590576
vt -0.40173059701919556 0.46473872661590576
vt 0.5942850112915039 0.45585739612579346
vt -0.40173059701919556 0.46473872661590576
vt -0.40173059701919556 0.45585739612579346
vt 0.5899300575256348 0.46473872661590576
vt 0.5899300575256348 0.4740258455276489
vt -0.40173059701919556 0.4740258455276489
vt 0.5899300575256348 0.46473872661590576
vt -0.40173059701919556 0.4740258455276489
vt -0.40173059701919556 0.46473872661590576
vt 0.5899300575256348 0.4740258455276489
vt 0.5899300575256348 0.4821131229400635
vt -0.40173062682151794 0.4821130633354187
vt 0.5899300575256348 0.4740258455276489
vt -0.40173062682151794 0.4821130633354187
vt -0.40173059701919556 0.4740258455276489
vt 0.5899300575256348 0.4821131229400635
vt 0.5899300575256348 0.4876018762588501
vt -0.40173065662384033 0.4876018762588501
vt 0.5899300575256348 0.4821131229400635
vt -0.40173065662384033 0.4876018762588501
vt -0.40173062682151794 0.4821130633354187
vt 0.5899301171302795 0.4942591190338135
vt 0.5899301171302795 0.5033933520317078
vt -0.40173059701919556 0.5033933520317078
vt 0.5899301171302795 0.4942591190338135
vt -0.40173059701919556 0.5033933520317078
vt -0.40173059701919556 0.4942591190338135
vt 0.5899301171302795 0.5033933520317078
vt 0.5942850112915039 0.512527585029602
vt -0.40173059701919556 0.512527585029602
vt 0.5899301171302795 0.5033933520317078
vt -0.40173059701919556 0.512527585029602
vt -0.40173059701919556 0.5033933520317078
vt 0.5886397361755371 0.6080561876296997
vt 0.5810849070549011 0.6135450005531311
vt 0.5719506740570068 0.6154865026473999
vt 0.5628164410591125 0.6135450005531311
vt 0.5886397361755371 0.6080561876296997
vt 0.5719506740570068 0.6154865026473999
vt 0.5886397361755371 0.6080561876296997
vt 0.5628164410591125 0.6135450005531311
vt 0.5552616119384766 0.6080562472343445
vt 0.5505924224853516 0.5999689102172852
vt 0.5886397361755371 0.6080561876296997
vt 0.5552616119384766 0.6080562472343445
vt 0.5886397361755371 0.6080561876296997
vt 0.5505924224853516 0.5999689102172852
vt 0.5496163368225098 0.5906817317008972
vt 0.5525019764900208 0.5818005204200745
vt 0.5886397361755371 0.6080561876296997
vt 0.5496163368225098 0.5906817317008972
vt 0.5886397361755371 0.6080561876296997
vt 0.5525019764900208 0.5818005204200745
vt 0.5587505102157593 0.5748607516288757
vt 0.5672814846038818 0.5710625648498535
vt 0.5886397361755371 0.6080561876296997
vt 0.5587505102157593 0.5748607516288757
vt 0.5886397361755371 0.6080561876296997
vt 0.5672814846038818 0.5710625648498535
vt 0.5766198039054871 0.5710625052452087
vt 0.5851507782936096 0.5748607516288757
vt 0.5886397361755371 0.6080561876296997
vt 0.5766198039054871 0.5710625052452087
vt 0.5886397361755371 0.6080561876296997
vt 0.5851507782936096 0.5748607516288757
vt 0.5913993120193481 0.5818004608154297
vt 0.5942850112915039 0.590681791305542
vt 0.5886397361755371 0.6080561876296997
vt 0.5913993120193481 0.5818004608154297
vt 0.5886397361755371 0.6080561876296997
vt 0.5942850112915039 0.590681791305542
vt 0.5933089256286621 0.5999689102172852
vt 0.5719506740570068 0.5642842650413513
vt 0.5628163814544678 0.5623427629470825
vt 0.5552615523338318 0.5568538308143616
vt 0.5505923628807068 0.5487666130065918
vt 0.5719506740570068 0.5642842650413513
vt 0.5552615523338318 0.5568538308143616
vt 0.5719506740570068 0.5642842650413513
vt 0.5505923628807068 0.5487666130065918
vt 0.5496162176132202 0.5394794940948486
vt 0.5525020956993103 0.5305982232093811
vt 0.5719506740570068 0.5642842650413513
vt 0.5496162176132202 0.5394794940948486
vt 0.5719506740570068 0.5642842650413513
vt 0.5525020956993103 0.5305982232093811
vt 0.5587504506111145 0.5236585140228271
vt 0.5672816038131714 0.5198602676391602
vt 0.5719506740570068 0.5642842650413513
vt 0.5587504506111145 0.5236585140228271
vt 0.5719506740570068 0.5642842650413513
vt 0.5672816038131714 0.5198602676391602
vt 0.5766197443008423 0.5198602676391602
vt 0.5851508378982544 0.5236585140228271
vt 0.5719506740570068 0.5642842650413513
vt 0.5766197443008423 0.5198602676391602
vt 0.5719506740570068 0.5642842650413513
vt 0.5851508378982544 0.5236585140228271
vt 0.5913992524147034 0.5305982232093811
vt 0.5942850708961487 0.5394794344902039
vt 0.5719506740570068 0.5642842650413513
vt 0.5913992524147034 0.5305982232093811
vt 0.5719506740570068 0.5642842650413513
vt 0.5942850708961487 0.5394794344902039
vt 0.5933088660240173 0.5487666130065918
vt 0.5886397957801819 0.5568538308143616
vt 0.5719506740570068 0.5642842650413513
vt 0.5933088660240173 0.5487666130065918
vt 0.5719506740570068 0.5642842650413513
vt 0.5886397957801819 0.5568538308143616
vt 0.5810848474502563 0.5623427629470825
vn 0.5782293261528896 6.554080020104581e-19 -0.8158742834388
vn 0.19618434488235517 0 -0.9805670312748033
vn 0.19618434488235517 0 -0.9805670312748033
vn 0.5782293261528896 6.554080020104581e-19 -0.8158742834388
vn 0.19618434488235517 0 -0.9805670312748033
vn 0.5780567830115909 6.547565302450145e-19 -0.8159965414229955
vn 0.19618434488235517 0 -0.9805670312748033
vn -0.2196093156725123 0 -0.9755878988947388
vn -0.2196093156725123 0 -0.9755878988947388
vn 0.19618434488235517 0 -0.9805670312748033
vn -0.2196093156725123 0 -0.9755878988947388
vn 0.19618434488235517 0 -0.9805670312748033
vn -0.2196093156725123 0 -0.9755878988947388
vn -0.5974304904655935 0 -0.8019206999835085
vn -0.5974304904655935 0 -0.8019206999835085
vn -0.2196093156725123 0 -0.9755878988947388
vn -0.5974304904655935 0 -0.8019206999835085
vn -0.2196093156725123 0 -0.9755878988947388
vn -0.5974304904655935 0 -0.8019206999835085
vn -0.8719504467919774 0 -0.4895941363407764
vn -0.8719504467919774 0 -0.4895941363407764
vn -0.5974304904655935 0 -0.8019206999835085
vn -0.8719504467919774 0 -0.4895941363407764
vn -0.5974304904655935 0 -0.8019206999835085
vn -0.8719504467919774 0 -0.4895941363407764
vn -0.995702236888567 0 -0.0926123936366192
vn -0.995702236888567 0 -0.0926123936366192
vn -0.8719504467919774 0 -0.4895941363407764
vn -0.995702236888567 0 -0.0926123936366192
vn -0.8719504467919774 0 -0.4895941363407764
vn -0.995702236888567 0 -0.0926123936366192
vn -0.9472880997709399 0 0.32038298336890786
vn -0.9472880997709399 0 0.32038298336890786
vn -0.995702236888567 0 -0.0926123936366192
vn -0.9472880997709399 0 0.32038298336890786
vn -0.995702236888567 0 -0.0926123936366192
vn -0.9472880997709399 0 0.32038298336890786
vn -0.735079127678254 0 0.6779813242647449
vn -0.735079127678254 0 0.6779813242647449
vn -0.9472880997709399 0 0.32038298336890786
vn -0.735079127678254 0 0.6779813242647449
vn -0.9472880997709399 0 0.32038298336890786
vn -0.735079127678254 0 0.6779813242647449
vn -0.395768389168138 0 0.9183503591414647
vn -0.395768389168138 0 0.9183503591414647
vn -0.735079127678254 0 0.6779813242647449
vn -0.395768389168138 0 0.9183503591414647
vn -0.735079127678254 0 0.6779813242647449
vn -0.395768389168138 0 0.9183503591414647
vn 0.012187365871004297 0 0.9999257312986433
vn 0.011975890381033336 0 0.9999282864533744
vn -0.395768389168138 0 0.9183503591414647
vn 0.011975890381033336 0 0.9999282864533744
vn -0.395768389168138 0 0.9183503591414647
vn 0.012187365871004297 0 0.9999257312986433
vn 0.4178404253077305 0 0.9085204339907026
vn 0.4176479102069267 0 0.9086089494935579
vn 0.012187365871004297 0 0.9999257312986433
vn 0.4176479102069267 0 0.9086089494935579
vn 0.011975890381033336 0 0.9999282864533744
vn 0.4178404253077305 0 0.9085204339907026
vn 0.7511038549693043 0 0.6601840645231074
vn 0.7511038549693043 0 0.6601840645231074
vn 0.4178404253077305 0 0.9085204339907026
vn 0.7511038549693043 0 0.6601840645231074
vn 0.4176479102069267 0 0.9086089494935579
vn 0.7511038549693043 0 0.6601840645231074
vn 0.9546886244564513 0 0.2976065025053198
vn 0.9546886244564513 0 0.2976065025053198
vn 0.7511038549693043 0 0.6601840645231074
vn 0.9546886244564513 0 0.2976065025053198
vn 0.7511038549693043 0 0.6601840645231074
vn 0.9546886244564513 0 0.2976065025053198
vn 0.9931989257065214 0 -0.11642978130792732
vn 0.9931989257065214 0 -0.11642978130792732
vn 0.9546886244564513 0 0.2976065025053198
vn 0.9931989257065214 0 -0.11642978130792732
vn 0.9546886244564513 0 0.2976065025053198
vn 0.9931989257065214 0 -0.11642978130792732
vn 0.86008495225315 6.540943517447977e-19 -0.5101508354474164
vn 0.8599768372160222 6.547470135432053e-19 -0.5103330671746905
vn 0.9931989257065214 0 -0.11642978130792732
vn 0.8599768372160222 6.547470135432053e-19 -0.5103330671746905
vn 0.9931989257065214 0 -0.11642978130792732
vn 0.86008495225315 6.540943517447977e-19 -0.5101508354474164
vn 0.5782293261528896 6.554080020104581e-19 -0.8158742834388
vn 0.5780567830115909 6.547565302450145e-19 -0.8159965414229955
vn 0.86008495225315 6.540943517447977e-19 -0.5101508354474164
vn 0.5780567830115909 6.547565302450145e-19 -0.8159965414229955
vn 0.8599768372160222 6.547470135432053e-19 -0.5103330671746905
vn -0.0009158580498316527 -0.9999995395601508 -0.0002865022144044566
vn -0.0009158580678564695 -0.9999995395601259 -0.0002865022440325713
vn -0.00091585801662683 -0.9999995395601756 -0.0002865022341091646
vn -0.0009158580678564695 -0.9999995395601259 -0.0002865022440325713
vn -0.0009158580498316527 -0.9999995395601508 -0.0002865022144044566
vn -0.00091585801662683 -0.9999995395601756 -0.0002865022341091646
vn -0.0009158580498316527 -0.9999995395601508 -0.0002865022144044566
vn -0.0009158580678564695 -0.9999995395601259 -0.0002865022440325713
vn -0.0009158580498316527 -0.9999995395601508 -0.0002865022144044566
vn -0.0009158580498316527 -0.9999995395601508 -0.0002865022144044566
vn -0.0009158580498316527 -0.9999995395601508 -0.0002865022144044566
vn -0.0009158580498316527 -0.9999995395601508 -0.0002865022144044566
vn -0.0009158580498316527 -0.9999995395601508 -0.0002865022144044566
vn -0.0009158580498316527 -0.9999995395601508 -0.0002865022144044566
vn -0.00091585801662683 -0.9999995395601756 -0.0002865022341091646
vn -0.0009158580678564695 -0.9999995395601259 -0.0002865022440325713
vn -0.0009158580498316527 -0.9999995395601508 -0.0002865022144044566
vn -0.00091585801662683 -0.9999995395601756 -0.0002865022341091646
vn -0.0009158580498316527 -0.9999995395601508 -0.0002865022144044566
vn -0.0009158580678564695 -0.9999995395601259 -0.0002865022440325713
vn -0.0009158580498316527 -0.9999995395601508 -0.0002865022144044566
vn -0.0009158580498316527 -0.9999995395601508 -0.0002865022144044566
vn -0.0009158580498316527 -0.9999995395601508 -0.0002865022144044566
vn -0.0009158580498316527 -0.9999995395601508 -0.0002865022144044566
vn -0.0009158580498316527 -0.9999995395601508 -0.0002865022144044566
vn -0.0009158580498316527 -0.9999995395601508 -0.0002865022144044566
vn -0.0009158581010612905 -0.9999995395601011 -0.0002865022243278645
vn -0.0009158580678564695 -0.9999995395601259 -0.0002865022440325713
vn -0.0009158580498316527 -0.9999995395601508 -0.0002865022144044566
vn -0.0009158581010612905 -0.9999995395601011 -0.0002865022243278645
vn -0.0009158580498316527 -0.9999995395601508 -0.0002865022144044566
vn -0.0009158580678564695 -0.9999995395601259 -0.0002865022440325713
vn -0.0009158581010612905 -0.9999995395601011 -0.0002865022243278645
vn -0.0009158580498316527 -0.9999995395601508 -0.0002865022144044566
vn -0.0009158580498316527 -0.9999995395601508 -0.0002865022144044566
vn -0.0009158581010612905 -0.9999995395601011 -0.0002865022243278645
vn -0.0009158580498316527 -0.9999995395601508 -0.0002865022144044566
vn -0.0009158580498316527 -0.9999995395601508 -0.0002865022144044566
vn -0.0009158580498316527 -0.9999995395601508 -0.0002865022144044566
vn -1.678258404408543e-7 0.999999999999946 -2.828071917646529e-7
vn -1.678258404408543e-7 0.999999999999946 -2.828071917646529e-7
vn -1.678258404408543e-7 0.999999999999946 -2.828071917646529e-7
vn -1.678258404408543e-7 0.999999999999946 -2.828071917646529e-7
vn -1.678258404408543e-7 0.999999999999946 -2.828071917646529e-7
vn -1.678258404408543e-7 0.999999999999946 -2.828071917646529e-7
vn -1.678258404408543e-7 0.999999999999946 -2.828071917646529e-7
vn -1.678258404408543e-7 0.999999999999946 -2.828071917646529e-7
vn -1.678258404408543e-7 0.999999999999946 -2.828071917646529e-7
vn -1.678258404408543e-7 0.999999999999946 -2.828071917646529e-7
vn -1.678258404408543e-7 0.999999999999946 -2.828071917646529e-7
vn -1.678258404408543e-7 0.999999999999946 -2.828071917646529e-7
vn -1.678258404408543e-7 0.999999999999946 -2.828071917646529e-7
vn -1.678258404408543e-7 0.999999999999946 -2.828071917646529e-7
vn -1.678258404408543e-7 0.999999999999946 -2.828071917646529e-7
vn -1.678258404408543e-7 0.999999999999946 -2.828071917646529e-7
vn -1.678258404408543e-7 0.999999999999946 -2.828071917646529e-7
vn -1.678258404408543e-7 0.999999999999946 -2.828071917646529e-7
vn -1.678258404408543e-7 0.999999999999946 -2.828071917646529e-7
vn -1.678258404408543e-7 0.999999999999946 -2.828071917646529e-7
vn -1.678258404408543e-7 0.999999999999946 -2.828071917646529e-7
vn -1.678258404408543e-7 0.999999999999946 -2.828071917646529e-7
vn -1.678258404408543e-7 0.999999999999946 -2.828071917646529e-7
vn -1.678258404408543e-7 0.999999999999946 -2.828071917646529e-7
vn -1.678258404408543e-7 0.999999999999946 -2.828071917646529e-7
vn -1.678258404408543e-7 0.999999999999946 -2.828071917646529e-7
vn -1.678258404408543e-7 0.999999999999946 -2.828071917646529e-7
vn -1.678258404408543e-7 0.999999999999946 -2.828071917646529e-7
vn -1.678258404408543e-7 0.999999999999946 -2.828071917646529e-7
vn -1.678258404408543e-7 0.999999999999946 -2.828071917646529e-7
vn -1.678258404408543e-7 0.999999999999946 -2.828071917646529e-7
vn -1.678258404408543e-7 0.999999999999946 -2.828071917646529e-7
vn -1.678258404408543e-7 0.999999999999946 -2.828071917646529e-7
vn -1.678258404408543e-7 0.999999999999946 -2.828071917646529e-7
vn -1.678258404408543e-7 0.999999999999946 -2.828071917646529e-7
vn -1.678258404408543e-7 0.999999999999946 -2.828071917646529e-7
vn -1.678258404408543e-7 0.999999999999946 -2.828071917646529e-7
vn -1.678258404408543e-7 0.999999999999946 -2.828071917646529e-7
vn -1.678258404408543e-7 0.999999999999946 -2.828071917646529e-7
f 169/169/169 170/170/170 171/171/171
f 172/172/172 173/173/173 174/174/174
f 175/175/175 176/176/176 177/177/177
f 178/178/178 179/179/179 180/180/180
f 181/181/181 182/182/182 183/183/183
f 184/184/184 185/185/185 186/186/186
f 187/187/187 188/188/188 189/189/189
f 190/190/190 191/191/191 192/192/192
f 193/193/193 194/194/194 195/195/195
f 196/196/196 197/197/197 198/198/198
f 199/199/199 200/200/200 201/201/201
f 202/202/202 203/203/203 204/204/204
f 205/205/205 206/206/206 207/207/207
f 208/208/208 209/209/209 210/210/210
f 211/211/211 212/212/212 213/213/213
f 214/214/214 215/215/215 216/216/216
f 217/217/217 218/218/218 219/219/219
f 220/220/220 221/221/221 222/222/222
f 223/223/223 224/224/224 225/225/225
f 226/226/226 227/227/227 228/228/228
f 229/229/229 230/230/230 231/231/231
f 232/232/232 233/233/233 234/234/234
f 235/235/235 236/236/236 237/237/237
f 238/238/238 239/239/239 240/240/240
f 241/241/241 242/242/242 243/243/243
f 244/244/244 245/245/245 246/246/246
f 247/247/247 248/248/248 249/249/249
f 250/250/250 251/251/251 252/252/252
f 253/253/253 254/254/254 255/255/255
f 256/256/256 257/257/257 258/258/258
f 259/259/259 260/260/260 261/261/261
f 262/262/262 263/263/263 264/264/264
f 265/265/265 266/266/266 267/267/267
f 268/268/268 269/269/269 270/270/270
f 271/271/271 272/272/272 273/273/273
f 274/274/274 275/275/275 276/276/276
f 277/277/277 278/278/278 279/279/279
f 280/280/280 281/281/281 282/282/282
f 283/283/283 284/284/284 285/285/285
f 286/286/286 287/287/287 288/288/288
f 289/289/289 290/290/290 291/291/291
f 292/292/292 293/293/293 294/294/294
f 295/295/295 296/296/296 297/297/297
f 298/298/298 299/299/299 300/300/300
f 301/301/301 302/302/302 303/303/303
f 304/304/304 305/305/305 306/306/306
f 307/307/307 308/308/308 309/309/309
f 310/310/310 311/311/311 312/312/312
f 313/313/313 314/314/314 315/315/315
f 316/316/316 317/317/317 318/318/318
f 319/319/319 320/320/320 321/321/321
f 322/322/322 323/323/323 324/324/324
f 325/325/325 326/326/326 327/327/327
f 328/328/328 329/329/329 330/330/330
f 331/331/331 332/332/332 333/333/333
f 334/334/334 335/335/335 336/336/336
o stair2
usemtl Roof
v 0.10579600391854171 1.5192345853678697 0.0006524589137633097
v 0.0774907925119912 1.5581934025517867 0.0006524606167073177
v 0.0774907925119912 1.5581932712664486 3.0041110239346844
v 0.10579600391854171 1.5192345853678697 0.0006524589137633097
v 0.0774907925119912 1.5581932712664486 3.0041110239346844
v 0.10579600391854171 1.5192344540825315 3.00411102223174
v 0.0774907925119912 1.5581934025517867 0.0006524606167073177
v 0.035786705160942844 1.5822712845756062 0.0006524616691847562
v 0.035786705160942844 1.582271153290268 3.0041110249871616
v 0.0774907925119912 1.5581934025517867 0.0006524606167073177
v 0.035786705160942844 1.582271153290268 3.0041110249871616
v 0.0774907925119912 1.5581932712664486 3.0041110239346844
v 0.035786705160942844 1.5822712845756062 0.0006524616691847562
v -0.012105228424244219 1.587304939091302 0.0006524618892127521
v -0.012105228424244219 1.587304807805964 3.0041110252071896
v 0.035786705160942844 1.5822712845756062 0.0006524616691847562
v -0.012105228424244219 1.587304807805964 3.0041110252071896
v 0.035786705160942844 1.582271153290268 3.0041110249871616
v -0.012105228424244219 1.587304939091302 0.0006524618892127521
v -0.05790405880871674 1.5724240070044413 0.0006524612387466266
v -0.05790405880871674 1.5724238757191031 3.0041110245567237
v -0.012105228424244219 1.587304939091302 0.0006524618892127521
v -0.05790405880871674 1.5724238757191031 3.0041110245567237
v -0.012105228424244219 1.587304807805964 3.0041110252071896
v -0.05790405880871674 1.5724240070044413 0.0006524612387466266
v -0.09369074553023893 1.5402015312199815 0.0006524598302575235
v -0.09369074553023893 1.5402013999346433 3.0041110231482344
v -0.05790405880871674 1.5724240070044413 0.0006524612387466266
v -0.09369074553023893 1.5402013999346433 3.0041110231482344
v -0.05790405880871674 1.5724238757191031 3.0041110245567237
v -0.09369074553023893 1.5402015312199815 0.0006524598302575235
v -0.11327746694056628 1.4962090794964076 0.0006524579072864078
v -0.11327746694056628 1.4962089482110694 3.0041110212252633
v -0.09369074553023893 1.5402015312199815 0.0006524598302575235
v -0.11327746694056628 1.4962089482110694 3.0041110212252633
v -0.09369074553023893 1.5402013999346433 3.0041110231482344
v -0.11327746694056628 1.4962090794964076 0.0006524579072864078
v -0.11327746694056628 1.448053340034663 0.000652455802332419
v -0.11327746694056628 1.4480532087493247 3.0041110191203093
v -0.11327746694056628 1.4962090794964076 0.0006524579072864078
v -0.11327746694056628 1.4480532087493247 3.0041110191203093
v -0.11327746694056628 1.4962089482110694 3.0041110212252633
v -0.11327746694056628 1.448053340034663 0.000652455802332419
v -0.09369077011613314 1.4040608790913787 0.0006524538793608592
v -0.09369077011613314 1.4040607478060405 3.0041110171973378
v -0.11327746694056628 1.448053340034663 0.000652455802332419
v -0.09369077011613314 1.4040607478060405 3.0041110171973378
v -0.11327746694056628 1.4480532087493247 3.0041110191203093
v -0.09369077011613314 1.4040608790913787 0.0006524538793608592
v -0.05790408339461095 1.3718383971604453 0.000652452470871534
v -0.05790408339461095 1.3718382658751072 3.0041110157888484
v -0.09369077011613314 1.4040608790913787 0.0006524538793608592
v -0.05790408339461095 1.3718382658751072 3.0041110157888484
v -0.09369077011613314 1.4040607478060405 3.0041110171973378
v -0.05790408339461095 1.3718383971604453 0.000652452470871534
v -0.012105256083375204 1.3569574589309619 0.00056435089766671
v -0.012105256083375204 1.3569573276417728 3.004111015138382
v -0.05790408339461095 1.3718383971604453 0.000652452470871534
v -0.012105256083375204 1.3569573276417728 3.004111015138382
v -0.05790408339461095 1.3718382658751072 3.0041110157888484
v -0.012105256083375204 1.3569574589309619 0.00056435089766671
v 0.03578668672152219 1.3619910888607636 0.0005643511176935956
v 0.03578668672152219 1.3619909575715745 3.0041110153584087
v -0.012105256083375204 1.3569574589309619 0.00056435089766671
v 0.03578668672152219 1.3619909575715745 3.0041110153584087
v -0.012105256083375204 1.3569573276417728 3.004111015138382
v 0.03578668672152219 1.3619910888607636 0.0005643511176935956
v 0.07749078636551765 1.386068958591636 0.00056435217017059
v 0.07749078636551765 1.3860688273024468 3.004111016410886
v 0.03578668672152219 1.3619910888607636 0.0005643511176935956
v 0.07749078636551765 1.3860688273024468 3.004111016410886
v 0.03578668672152219 1.3619909575715745 3.0041110153584087
v 0.07749078636551765 1.386068958591636 0.00056435217017059
v 0.10579601621148882 1.4250277727023162 0.000564353873114376
v 0.10579601621148882 1.425027641413127 3.0041110181138295
v 0.07749078636551765 1.386068958591636 0.00056435217017059
v 0.10579601621148882 1.425027641413127 3.0041110181138295
v 0.07749078636551765 1.3860688273024468 3.004111016410886
v 0.10579601621148882 1.4250277727023162 0.000564353873114376
v 0.1158081667892219 1.4721311990130574 0.0005643559320704927
v 0.1158081667892219 1.4721310677238684 3.004111020172786
v 0.10579601621148882 1.4250277727023162 0.000564353873114376
v 0.1158081667892219 1.4721310677238684 3.004111020172786
v 0.10579601621148882 1.425027641413127 3.0041110181138295
v 0.1158081667892219 1.4721311990130574 0.0005643559320704927
v 0.10579600391854171 1.5192345853678697 0.0006524589137633097
v 0.10579600391854171 1.5192344540825315 3.00411102223174
v 0.1158081667892219 1.4721311990130574 0.0005643559320704927
v 0.10579600391854171 1.5192344540825315 3.00411102223174
v 0.1158081667892219 1.4721310677238684 3.004111020172786
v 0.0774907925119912 1.5581934025517867 0.0006524606167073177
v 0.10579600391854171 1.5192345853678697 0.0006524589137633097
v 0.1158081667892219 1.4721311990130574 0.0005643559320704927
v 0.10579601621148882 1.4250277727023162 0.000564353873114376
v 0.0774907925119912 1.5581934025517867 0.0006524606167073177
v 0.1158081667892219 1.4721311990130574 0.0005643559320704927
v 0.0774907925119912 1.5581934025517867 0.0006524606167073177
v 0.10579601621148882 1.4250277727023162 0.000564353873114376
v 0.07749078636551765 1.386068958591636 0.00056435217017059
v 0.03578668672152219 1.3619910888607636 0.0005643511176935956
v 0.0774907925119912 1.5581934025517867 0.0006524606167073177
v 0.07749078636551765 1.386068958591636 0.00056435217017059
v 0.0774907925119912 1.5581934025517867 0.0006524606167073177
v 0.03578668672152219 1.3619910888607636 0.0005643511176935956
v -0.012105256083375204 1.3569574589309619 0.00056435089766671
v -0.05790408339461095 1.3718383971604453 0.000652452470871534
v 0.0774907925119912 1.5581934025517867 0.0006524606167073177
v -0.012105256083375204 1.3569574589309619 0.00056435089766671
v 0.0774907925119912 1.5581934025517867 0.0006524606167073177
v -0.05790408339461095 1.3718383971604453 0.000652452470871534
v -0.09369077011613314 1.4040608790913787 0.0006524538793608592
v -0.11327746694056628 1.448053340034663 0.000652455802332419
v 0.0774907925119912 1.5581934025517867 0.0006524606167073177
v -0.09369077011613314 1.4040608790913787 0.0006524538793608592
v 0.0774907925119912 1.5581934025517867 0.0006524606167073177
v -0.11327746694056628 1.448053340034663 0.000652455802332419
v -0.11327746694056628 1.4962090794964076 0.0006524579072864078
v -0.09369074553023893 1.5402015312199815 0.0006524598302575235
v 0.0774907925119912 1.5581934025517867 0.0006524606167073177
v -0.11327746694056628 1.4962090794964076 0.0006524579072864078
v 0.0774907925119912 1.5581934025517867 0.0006524606167073177
v -0.09369074553023893 1.5402015312199815 0.0006524598302575235
v -0.05790405880871674 1.5724240070044413 0.0006524612387466266
v -0.012105228424244219 1.587304939091302 0.0006524618892127521
v 0.0774907925119912 1.5581934025517867 0.0006524606167073177
v -0.05790405880871674 1.5724240070044413 0.0006524612387466266
v 0.0774907925119912 1.5581934025517867 0.0006524606167073177
v -0.012105228424244219 1.587304939091302 0.0006524618892127521
v 0.035786705160942844 1.5822712845756062 0.0006524616691847562
v 0.1158081667892219 1.4721310677238684 3.004111020172786
v 0.10579600391854171 1.5192344540825315 3.00411102223174
v 0.0774907925119912 1.5581932712664486 3.0041110239346844
v 0.035786705160942844 1.582271153290268 3.0041110249871616
v 0.1158081667892219 1.4721310677238684 3.004111020172786
v 0.0774907925119912 1.5581932712664486 3.0041110239346844
v 0.1158081667892219 1.4721310677238684 3.004111020172786
v 0.035786705160942844 1.582271153290268 3.0041110249871616
v -0.012105228424244219 1.587304807805964 3.0041110252071896
v -0.05790405880871674 1.5724238757191031 3.0041110245567237
v 0.1158081667892219 1.4721310677238684 3.004111020172786
v -0.012105228424244219 1.587304807805964 3.0041110252071896
v 0.1158081667892219 1.4721310677238684 3.004111020172786
v -0.05790405880871674 1.5724238757191031 3.0041110245567237
v -0.09369074553023893 1.5402013999346433 3.0041110231482344
v -0.11327746694056628 1.4962089482110694 3.0041110212252633
v 0.1158081667892219 1.4721310677238684 3.004111020172786
v -0.09369074553023893 1.5402013999346433 3.0041110231482344
v 0.1158081667892219 1.4721310677238684 3.004111020172786
v -0.11327746694056628 1.4962089482110694 3.0041110212252633
v -0.11327746694056628 1.4480532087493247 3.0041110191203093
v -0.09369077011613314 1.4040607478060405 3.0041110171973378
v 0.1158081667892219 1.4721310677238684 3.004111020172786
v -0.11327746694056628 1.4480532087493247 3.0041110191203093
v 0.1158081667892219 1.4721310677238684 3.004111020172786
v -0.09369077011613314 1.4040607478060405 3.0041110171973378
v -0.05790408339461095 1.3718382658751072 3.0041110157888484
v -0.012105256083375204 1.3569573276417728 3.004111015138382
v 0.1158081667892219 1.4721310677238684 3.004111020172786
v -0.05790408339461095 1.3718382658751072 3.0041110157888484
v 0.1158081667892219 1.4721310677238684 3.004111020172786
v -0.012105256083375204 1.3569573276417728 3.004111015138382
v 0.03578668672152219 1.3619909575715745 3.0041110153584087
v 0.07749078636551765 1.3860688273024468 3.004111016410886
v 0.1158081667892219 1.4721310677238684 3.004111020172786
v 0.03578668672152219 1.3619909575715745 3.0041110153584087
v 0.1158081667892219 1.4721310677238684 3.004111020172786
v 0.07749078636551765 1.3860688273024468 3.004111016410886
v 0.10579601621148882 1.425027641413127 3.0041110181138295
vt -0.19633284211158752 0.08092749118804932
vt -0.1924516260623932 0.0770462155342102
vt 0.5118377804756165 0.781335711479187
vt -0.19633284211158752 0.08092749118804932
vt 0.5118377804756165 0.781335711479187
vt 0.5079566240310669 0.7852169275283813
vt -0.1924516260623932 0.0770462155342102
vt -0.18673312664031982 0.07132768630981445
vt 0.517556369304657 0.7756171822547913
vt -0.1924516260623932 0.0770462155342102
vt 0.517556369304657 0.7756171822547913
vt 0.5118377804756165 0.781335711479187
vt -0.18673312664031982 0.07132768630981445
vt -0.1801661252975464 0.06476068496704102
vt 0.5241233706474304 0.769050121307373
vt -0.18673312664031982 0.07132768630981445
vt 0.5241233706474304 0.769050121307373
vt 0.517556369304657 0.7756171822547913
vt -0.1801661252975464 0.06476068496704102
vt -0.17388609051704407 0.05848062038421631
vt 0.5304033160209656 0.7627701759338379
vt -0.1801661252975464 0.06476068496704102
vt 0.5304033160209656 0.7627701759338379
vt 0.5241233706474304 0.769050121307373
vt -0.17388609051704407 0.05848062038421631
vt -0.16897892951965332 0.053573548793792725
vt 0.5353105068206787 0.7578630447387695
vt -0.17388609051704407 0.05848062038421631
vt 0.5353105068206787 0.7578630447387695
vt 0.5304033160209656 0.7627701759338379
vt 0.5028549432754517 0.7903188467025757
vt 0.4968227744102478 0.7963510751724243
vt -0.207466721534729 0.09206169843673706
vt 0.5028549432754517 0.7903188467025757
vt -0.207466721534729 0.09206169843673706
vt -0.2014344036579132 0.08602941036224365
vt 0.4968227744102478 0.7963510751724243
vt 0.4902195334434509 0.8029543161392212
vt -0.21406984329223633 0.09866493940353394
vt 0.4968227744102478 0.7963510751724243
vt -0.21406984329223633 0.09866493940353394
vt -0.207466721534729 0.09206169843673706
vt 0.4902195334434509 0.8029543161392212
vt 0.48418721556663513 0.8089866042137146
vt -0.2201022207736969 0.10469722747802734
vt 0.4902195334434509 0.8029543161392212
vt -0.2201022207736969 0.10469722747802734
vt -0.21406984329223633 0.09866493940353394
vt 0.48418721556663513 0.8089866042137146
vt 0.4797687828540802 0.8134050369262695
vt -0.22452059388160706 0.10911566019058228
vt 0.48418721556663513 0.8089866042137146
vt -0.22452059388160706 0.10911566019058228
vt -0.2201022207736969 0.10469722747802734
vt 0.4744078814983368 0.8187659382820129
vt 0.4650484025478363 0.8219665288925171
vt -0.23616153001785278 0.12075662612915039
vt 0.4744078814983368 0.8187659382820129
vt -0.23616153001785278 0.12075662612915039
vt -0.22988149523735046 0.11447656154632568
vt 0.4650484025478363 0.8219665288925171
vt 0.45848143100738525 0.8285335302352905
vt -0.24272853136062622 0.12732362747192383
vt 0.4650484025478363 0.8219665288925171
vt -0.24272853136062622 0.12732362747192383
vt -0.23616153001785278 0.12075662612915039
vt 0.45848143100738525 0.8285335302352905
vt 0.4527628719806671 0.834252119064331
vt -0.24844709038734436 0.1330420970916748
vt 0.45848143100738525 0.8285335302352905
vt -0.24844709038734436 0.1330420970916748
vt -0.24272853136062622 0.12732362747192383
vt 0.4527628719806671 0.834252119064331
vt 0.44888171553611755 0.8381332159042358
vt -0.2523282766342163 0.13692325353622437
vt 0.4527628719806671 0.834252119064331
vt -0.2523282766342163 0.13692325353622437
vt -0.24844709038734436 0.1330420970916748
vt 0.4441744089126587 0.8428406715393066
vt 0.4377155005931854 0.8492995500564575
vt -0.26349449157714844 0.14808958768844604
vt 0.4441744089126587 0.8428406715393066
vt -0.26349449157714844 0.14808958768844604
vt -0.25703561305999756 0.14163070917129517
vt 0.4377155005931854 0.8492995500564575
vt 0.43433600664138794 0.8588377833366394
vt -0.2699533700942993 0.15454846620559692
vt 0.4377155005931854 0.8492995500564575
vt -0.2699533700942993 0.15454846620559692
vt -0.26349449157714844 0.14808958768844604
vt 0.36279529333114624 0.9223949313163757
vt 0.3535720109939575 0.9209340810775757
vt 0.34574025869369507 0.9158480167388916
vt 0.34065425395965576 0.9080163240432739
vt 0.36279529333114624 0.9223949313163757
vt 0.34574025869369507 0.9158480167388916
vt 0.36279529333114624 0.9223949313163757
vt 0.34065425395965576 0.9080163240432739
vt 0.33919331431388855 0.8987930417060852
vt 0.341610312461853 0.8897728323936462
vt 0.36279529333114624 0.9223949313163757
vt 0.33919331431388855 0.8987930417060852
vt 0.36279529333114624 0.9223949313163757
vt 0.341610312461853 0.8897728323936462
vt 0.3474871516227722 0.8825156092643738
vt 0.3558075726032257 0.8782761096954346
vt 0.36279529333114624 0.9223949313163757
vt 0.3474871516227722 0.8825156092643738
vt 0.36279529333114624 0.9223949313163757
vt 0.3558075726032257 0.8782761096954346
vt 0.3651331067085266 0.8777872920036316
vt 0.37385115027427673 0.8811339139938354
vt 0.36279529333114624 0.9223949313163757
vt 0.3651331067085266 0.8777872920036316
vt 0.36279529333114624 0.9223949313163757
vt 0.37385115027427673 0.8811339139938354
vt 0.3804543614387512 0.8877370953559875
vt 0.3838009238243103 0.8964551091194153
vt 0.36279529333114624 0.9223949313163757
vt 0.3804543614387512 0.8877370953559875
vt 0.36279529333114624 0.9223949313163757
vt 0.3838009238243103 0.8964551091194153
vt 0.3833121955394745 0.9057806134223938
vt 0.3790726363658905 0.9141011834144592
vt 0.36279529333114624 0.9223949313163757
vt 0.3833121955394745 0.9057806134223938
vt 0.36279529333114624 0.9223949313163757
vt 0.3790726363658905 0.9141011834144592
vt 0.37181544303894043 0.9199779629707336
vt 0.38194572925567627 0.8796426057815552
vt 0.3768596649169922 0.871810793876648
vt 0.3753988742828369 0.8625874519348145
vt 0.37781575322151184 0.8535673022270203
vt 0.38194572925567627 0.8796426057815552
vt 0.3753988742828369 0.8625874519348145
vt 0.38194572925567627 0.8796426057815552
vt 0.37781575322151184 0.8535673022270203
vt 0.38369250297546387 0.8463101387023926
vt 0.3920131325721741 0.8420707583427429
vt 0.38194572925567627 0.8796426057815552
vt 0.38369250297546387 0.8463101387023926
vt 0.38194572925567627 0.8796426057815552
vt 0.3920131325721741 0.8420707583427429
vt 0.40133848786354065 0.8415818810462952
vt 0.4100567102432251 0.844928503036499
vt 0.38194572925567627 0.8796426057815552
vt 0.40133848786354065 0.8415818810462952
vt 0.38194572925567627 0.8796426057815552
vt 0.4100567102432251 0.844928503036499
vt 0.41665977239608765 0.8515315651893616
vt 0.4200063943862915 0.8602497577667236
vt 0.38194572925567627 0.8796426057815552
vt 0.41665977239608765 0.8515315651893616
vt 0.38194572925567627 0.8796426057815552
vt 0.4200063943862915 0.8602497577667236
vt 0.4195175766944885 0.8695752024650574
vt 0.41527819633483887 0.877895712852478
vt 0.38194572925567627 0.8796426057815552
vt 0.4195175766944885 0.8695752024650574
vt 0.38194572925567627 0.8796426057815552
vt 0.41527819633483887 0.877895712852478
vt 0.40802088379859924 0.8837724328041077
vt 0.3990008234977722 0.8861894607543945
vt 0.38194572925567627 0.8796426057815552
vt 0.40802088379859924 0.8837724328041077
vt 0.38194572925567627 0.8796426057815552
vt 0.3990008234977722 0.8861894607543945
vt 0.38977742195129395 0.8847285509109497
vn 0.9136320384068942 0.40654212376636073 1.777051990618957e-8
vn 0.6691308439214523 0.7431446115750043 3.2483881349662076e-8
vn 0.6691308439214523 0.7431446115750043 3.2483881349662076e-8
vn 0.9136320384068942 0.40654212376636073 1.777051990618957e-8
vn 0.6691308439214523 0.7431446115750043 3.2483881349662076e-8
vn 0.9135460478724062 0.40673531739536345 1.7778964667576767e-8
vn 0.6691308439214523 0.7431446115750043 3.2483881349662076e-8
vn 0.3090172104800834 0.9510564460783104 4.157199590771848e-8
vn 0.3090172104800834 0.9510564460783104 4.157199590771848e-8
vn 0.6691308439214523 0.7431446115750043 3.2483881349662076e-8
vn 0.3090172104800834 0.9510564460783104 4.157199590771848e-8
vn 0.6691308439214523 0.7431446115750043 3.2483881349662076e-8
vn 0.3090172104800834 0.9510564460783104 4.157199590771848e-8
vn -0.1045283001072703 0.9945219125171061 4.347193171107868e-8
vn -0.1045283001072703 0.9945219125171061 4.347193171107868e-8
vn 0.3090172104800834 0.9510564460783104 4.157199590771848e-8
vn -0.1045283001072703 0.9945219125171061 4.347193171107868e-8
vn 0.3090172104800834 0.9510564460783104 4.157199590771848e-8
vn -0.1045283001072703 0.9945219125171061 4.347193171107868e-8
vn -0.499999862246664 0.8660254833163489 3.785517462908056e-8
vn -0.499999862246664 0.8660254833163489 3.785517462908056e-8
vn -0.1045283001072703 0.9945219125171061 4.347193171107868e-8
vn -0.499999862246664 0.8660254833163489 3.785517462908056e-8
vn -0.1045283001072703 0.9945219125171061 4.347193171107868e-8
vn -0.499999862246664 0.8660254833163489 3.785517462908056e-8
vn -0.8090168465990117 0.5877854556885452 2.5692917238782506e-8
vn -0.8090168465990117 0.5877854556885452 2.5692917238782506e-8
vn -0.499999862246664 0.8660254833163489 3.785517462908056e-8
vn -0.8090168465990117 0.5877854556885452 2.5692917238782506e-8
vn -0.499999862246664 0.8660254833163489 3.785517462908056e-8
vn -0.8090168465990117 0.5877854556885452 2.5692917238782506e-8
vn -0.9781475549506937 0.207911906210249 9.088117692466308e-9
vn -0.9781475549506937 0.207911906210249 9.088117692466308e-9
vn -0.8090168465990117 0.5877854556885452 2.5692917238782506e-8
vn -0.9781475549506937 0.207911906210249 9.088117692466308e-9
vn -0.8090168465990117 0.5877854556885452 2.5692917238782506e-8
vn -0.9781475549506937 0.207911906210249 9.088117692466308e-9
vn -0.9781476116210176 -0.20791163959744785 -9.088106038451108e-9
vn -0.9781476116210176 -0.20791163959744785 -9.088106038451108e-9
vn -0.9781475549506937 0.207911906210249 9.088117692466308e-9
vn -0.9781476116210176 -0.20791163959744785 -9.088106038451108e-9
vn -0.9781475549506937 0.207911906210249 9.088117692466308e-9
vn -0.9781476116210176 -0.20791163959744785 -9.088106038451108e-9
vn -0.8090170500961854 -0.5877851755987603 -2.569290499566966e-8
vn -0.8090170500961854 -0.5877851755987603 -2.569290499566966e-8
vn -0.9781476116210176 -0.20791163959744785 -9.088106038451108e-9
vn -0.8090170500961854 -0.5877851755987603 -2.569290499566966e-8
vn -0.9781476116210176 -0.20791163959744785 -9.088106038451108e-9
vn -0.8090170500961854 -0.5877851755987603 -2.569290499566966e-8
vn -0.4998155611241879 -0.8661318634354194 -3.785982465158227e-8
vn -0.4999987289748043 -0.8660261376099332 -3.7855203229160316e-8
vn -0.8090170500961854 -0.5877851755987603 -2.569290499566966e-8
vn -0.4999987289748043 -0.8660261376099332 -3.7855203229160316e-8
vn -0.8090170500961854 -0.5877851755987603 -2.569290499566966e-8
vn -0.4998155611241879 -0.8661318634354194 -3.785982465158227e-8
vn -0.1043163653707879 -0.9945441648895369 -4.3472904393130785e-8
vn -0.10452709625447537 -0.9945220390461971 -4.347193724184068e-8
vn -0.4998155611241879 -0.8661318634354194 -3.785982465158227e-8
vn -0.10452709625447537 -0.9945220390461971 -4.347193724184068e-8
vn -0.4999987289748043 -0.8660261376099332 -3.7855203229160316e-8
vn -0.1043163653707879 -0.9945441648895369 -4.3472904393130785e-8
vn 0.309016788615936 -0.9510565831502835 -4.157200189932449e-8
vn 0.309016788615936 -0.9510565831502835 -4.157200189932449e-8
vn -0.1043163653707879 -0.9945441648895369 -4.3472904393130785e-8
vn 0.309016788615936 -0.9510565831502835 -4.157200189932449e-8
vn -0.10452709625447537 -0.9945220390461971 -4.347193724184068e-8
vn 0.309016788615936 -0.9510565831502835 -4.157200189932449e-8
vn 0.6691305936951912 -0.7431448368798103 -3.248389119804753e-8
vn 0.6691305936951912 -0.7431448368798103 -3.248389119804753e-8
vn 0.309016788615936 -0.9510565831502835 -4.157200189932449e-8
vn 0.6691305936951912 -0.7431448368798103 -3.248389119804753e-8
vn 0.309016788615936 -0.9510565831502835 -4.157200189932449e-8
vn 0.6691305936951912 -0.7431448368798103 -3.248389119804753e-8
vn 0.9135454521622745 -0.4067366553848142 -1.777902315146531e-8
vn 0.9135454521622745 -0.4067366553848142 -1.777902315146531e-8
vn 0.6691305936951912 -0.7431448368798103 -3.248389119804753e-8
vn 0.9135454521622745 -0.4067366553848142 -1.777902315146531e-8
vn 0.6691305936951912 -0.7431448368798103 -3.248389119804753e-8
vn 0.9135454521622745 -0.4067366553848142 -1.777902315146531e-8
vn 0.9999999772450009 -0.00021333072314755162 -9.32498021005598e-12
vn 0.9999999999989617 -0.0000014409802133726333 -6.2985757594046e-14
vn 0.9135454521622745 -0.4067366553848142 -1.777902315146531e-8
vn 0.9999999999989617 -0.0000014409802133726333 -6.2985757594046e-14
vn 0.9135454521622745 -0.4067366553848142 -1.777902315146531e-8
vn 0.9999999772450009 -0.00021333072314755162 -9.32498021005598e-12
vn 0.9136320384068942 0.40654212376636073 1.777051990618957e-8
vn 0.9135460478724062 0.40673531739536345 1.7778964667576767e-8
vn 0.9999999772450009 -0.00021333072314755162 -9.32498021005598e-12
vn 0.9135460478724062 0.40673531739536345 1.7778964667576767e-8
vn 0.9999999999989617 -0.0000014409802133726333 -6.2985757594046e-14
vn -0.00028271091482247204 0.0003146551404052946 -0.9999999105333366
vn -0.0002827109149902643 0.000314655155690348 -0.9999999105333316
vn -0.000282710897803792 0.0003146551404052961 -0.9999999105333415
vn -0.0002827109149902643 0.000314655155690348 -0.9999999105333316
vn -0.00028271091482247204 0.0003146551404052946 -0.9999999105333366
vn -0.000282710897803792 0.0003146551404052961 -0.9999999105333415
vn -0.00028271091482247204 0.0003146551404052946 -0.9999999105333366
vn -0.0002827109149902643 0.000314655155690348 -0.9999999105333316
vn -0.00028271091482247204 0.0003146551404052946 -0.9999999105333366
vn -0.00028271091482247204 0.0003146551404052946 -0.9999999105333366
vn -0.00028271091482247204 0.0003146551404052946 -0.9999999105333366
vn -0.00028271091482247204 0.0003146551404052946 -0.9999999105333366
vn -0.00028271091482247204 0.0003146551404052946 -0.9999999105333366
vn -0.00028271091482247204 0.0003146551404052946 -0.9999999105333366
vn -0.000282710897803792 0.0003146551404052961 -0.9999999105333415
vn -0.0002827109149902643 0.000314655155690348 -0.9999999105333316
vn -0.00028271091482247204 0.0003146551404052946 -0.9999999105333366
vn -0.000282710897803792 0.0003146551404052961 -0.9999999105333415
vn -0.00028271091482247204 0.0003146551404052946 -0.9999999105333366
vn -0.0002827109149902643 0.000314655155690348 -0.9999999105333316
vn -0.00028271091482247204 0.0003146551404052946 -0.9999999105333366
vn -0.00028271091482247204 0.0003146551404052946 -0.9999999105333366
vn -0.00028271091482247204 0.0003146551404052946 -0.9999999105333366
vn -0.00028271091482247204 0.0003146551404052946 -0.9999999105333366
vn -0.00028271091482247204 0.0003146551404052946 -0.9999999105333366
vn -0.00028271091482247204 0.0003146551404052946 -0.9999999105333366
vn -0.0002827109320089434 0.00031465515569034647 -0.9999999105333269
vn -0.0002827109149902643 0.000314655155690348 -0.9999999105333316
vn -0.00028271091482247204 0.0003146551404052946 -0.9999999105333366
vn -0.0002827109320089434 0.00031465515569034647 -0.9999999105333269
vn -0.00028271091482247204 0.0003146551404052946 -0.9999999105333366
vn -0.0002827109149902643 0.000314655155690348 -0.9999999105333316
vn -0.0002827109320089434 0.00031465515569034647 -0.9999999105333269
vn -0.00028271091482247204 0.0003146551404052946 -0.9999999105333366
vn -0.00028271091482247204 0.0003146551404052946 -0.9999999105333366
vn -0.0002827109320089434 0.00031465515569034647 -0.9999999105333269
vn -0.00028271091482247204 0.0003146551404052946 -0.9999999105333366
vn -0.00028271091482247204 0.0003146551404052946 -0.9999999105333366
vn -0.00028271091482247204 0.0003146551404052946 -0.9999999105333366
vn 0 1.0123744935464306e-7 0.9999999999999949
vn 0 1.0123744935464306e-7 0.9999999999999949
vn 0 1.0123744935464306e-7 0.9999999999999949
vn 0 1.0123744935464306e-7 0.9999999999999949
vn 0 1.0123744935464306e-7 0.9999999999999949
vn 0 1.0123744935464306e-7 0.9999999999999949
vn 0 1.0123744935464306e-7 0.9999999999999949
vn 0 1.0123744935464306e-7 0.9999999999999949
vn 0 1.0123744935464306e-7 0.9999999999999949
vn 0 1.0123744935464306e-7 0.9999999999999949
vn 0 1.0123744935464306e-7 0.9999999999999949
vn 0 1.0123744935464306e-7 0.9999999999999949
vn 0 1.0123744935464306e-7 0.9999999999999949
vn 0 1.0123744935464306e-7 0.9999999999999949
vn 0 1.0123744935464306e-7 0.9999999999999949
vn 0 1.0123744935464306e-7 0.9999999999999949
vn 0 1.0123744935464306e-7 0.9999999999999949
vn 0 1.0123744935464306e-7 0.9999999999999949
vn 0 1.0123744935464306e-7 0.9999999999999949
vn 0 1.0123744935464306e-7 0.9999999999999949
vn 0 1.0123744935464306e-7 0.9999999999999949
vn 0 1.0123744935464306e-7 0.9999999999999949
vn 0 1.0123744935464306e-7 0.9999999999999949
vn 0 1.0123744935464306e-7 0.9999999999999949
vn 0 1.0123744935464306e-7 0.9999999999999949
vn 0 1.0123744935464306e-7 0.9999999999999949
vn 0 1.0123744935464306e-7 0.9999999999999949
vn 0 1.0123744935464306e-7 0.9999999999999949
vn 0 1.0123744935464306e-7 0.9999999999999949
vn 0 1.0123744935464306e-7 0.9999999999999949
vn 0 1.0123744935464306e-7 0.9999999999999949
vn 0 1.0123744935464306e-7 0.9999999999999949
vn 0 1.0123744935464306e-7 0.9999999999999949
vn 0 1.0123744935464306e-7 0.9999999999999949
vn 0 1.0123744935464306e-7 0.9999999999999949
vn 0 1.0123744935464306e-7 0.9999999999999949
vn 0 1.0123744935464306e-7 0.9999999999999949
vn 0 1.0123744935464306e-7 0.9999999999999949
vn 0 1.0123744935464306e-7 0.9999999999999949
f 337/337/337 338/338/338 339/339/339
f 340/340/340 341/341/341 342/342/342
f 343/343/343 344/344/344 345/345/345
f 346/346/346 347/347/347 348/348/348
f 349/349/349 350/350/350 351/351/351
f 352/352/352 353/353/353 354/354/354
f 355/355/355 356/356/356 357/357/357
f 358/358/358 359/359/359 360/360/360
f 361/361/361 362/362/362 363/363/363
f 364/364/364 365/365/365 366/366/366
f 367/367/367 368/368/368 369/369/369
f 370/370/370 371/371/371 372/372/372
f 373/373/373 374/374/374 375/375/375
f 376/376/376 377/377/377 378/378/378
f 379/379/379 380/380/380 381/381/381
f 382/382/382 383/383/383 384/384/384
f 385/385/385 386/386/386 387/387/387
f 388/388/388 389/389/389 390/390/390
f 391/391/391 392/392/392 393/393/393
f 394/394/394 395/395/395 396/396/396
f 397/397/397 398/398/398 399/399/399
f 400/400/400 401/401/401 402/402/402
f 403/403/403 404/404/404 405/405/405
f 406/406/406 407/407/407 408/408/408
f 409/409/409 410/410/410 411/411/411
f 412/412/412 413/413/413 414/414/414
f 415/415/415 416/416/416 417/417/417
f 418/418/418 419/419/419 420/420/420
f 421/421/421 422/422/422 423/423/423
f 424/424/424 425/425/425 426/426/426
f 427/427/427 428/428/428 429/429/429
f 430/430/430 431/431/431 432/432/432
f 433/433/433 434/434/434 435/435/435
f 436/436/436 437/437/437 438/438/438
f 439/439/439 440/440/440 441/441/441
f 442/442/442 443/443/443 444/444/444
f 445/445/445 446/446/446 447/447/447
f 448/448/448 449/449/449 450/450/450
f 451/451/451 452/452/452 453/453/453
f 454/454/454 455/455/455 456/456/456
f 457/457/457 458/458/458 459/459/459
f 460/460/460 461/461/461 462/462/462
f 463/463/463 464/464/464 465/465/465
f 466/466/466 467/467/467 468/468/468
f 469/469/469 470/470/470 471/471/471
f 472/472/472 473/473/473 474/474/474
f 475/475/475 476/476/476 477/477/477
f 478/478/478 479/479/479 480/480/480
f 481/481/481 482/482/482 483/483/483
f 484/484/484 485/485/485 486/486/486
f 487/487/487 488/488/488 489/489/489
f 490/490/490 491/491/491 492/492/492
f 493/493/493 494/494/494 495/495/495
f 496/496/496 497/497/497 498/498/498
f 499/499/499 500/500/500 501/501/501
f 502/502/502 503/503/503 504/504/504
o stair3
usemtl Roof
v 0.10579600391854171 3.555509852968883 0.0006524589137633097
v 0.0774907925119912 3.5944686701528 0.0006524606167073177
v 0.0774907925119912 3.5944685388674618 3.0041110239346844
v 0.10579600391854171 3.555509852968883 0.0006524589137633097
v 0.0774907925119912 3.5944685388674618 3.0041110239346844
v 0.10579600391854171 3.5555097216835447 3.00411102223174
v 0.0774907925119912 3.5944686701528 0.0006524606167073177
v 0.035786705160942844 3.6185465521766194 0.0006524616691847562
v 0.035786705160942844 3.618546420891281 3.0041110249871616
v 0.0774907925119912 3.5944686701528 0.0006524606167073177
v 0.035786705160942844 3.618546420891281 3.0041110249871616
v 0.0774907925119912 3.5944685388674618 3.0041110239346844
v 0.035786705160942844 3.6185465521766194 0.0006524616691847562
v -0.012105228424244219 3.6235802066923153 0.0006524618892127521
v -0.012105228424244219 3.623580075406977 3.0041110252071896
v 0.035786705160942844 3.6185465521766194 0.0006524616691847562
v -0.012105228424244219 3.623580075406977 3.0041110252071896
v 0.035786705160942844 3.618546420891281 3.0041110249871616
v -0.012105228424244219 3.6235802066923153 0.0006524618892127521
v -0.05790405880871674 3.6086992746054545 0.0006524612387466266
v -0.05790405880871674 3.6086991433201163 3.0041110245567237
v -0.012105228424244219 3.6235802066923153 0.0006524618892127521
v -0.05790405880871674 3.6086991433201163 3.0041110245567237
v -0.012105228424244219 3.623580075406977 3.0041110252071896
v -0.05790405880871674 3.6086992746054545 0.0006524612387466266
v -0.09369074553023893 3.5764767988209947 0.0006524598302575235
v -0.09369074553023893 3.5764766675356565 3.0041110231482344
v -0.05790405880871674 3.6086992746054545 0.0006524612387466266
v -0.09369074553023893 3.5764766675356565 3.0041110231482344
v -0.05790405880871674 3.6086991433201163 3.0041110245567237
v -0.09369074553023893 3.5764767988209947 0.0006524598302575235
v -0.11327746694056628 3.5324843470974208 0.0006524579072864078
v -0.11327746694056628 3.5324842158120826 3.0041110212252633
v -0.09369074553023893 3.5764767988209947 0.0006524598302575235
v -0.11327746694056628 3.5324842158120826 3.0041110212252633
v -0.09369074553023893 3.5764766675356565 3.0041110231482344
v -0.11327746694056628 3.5324843470974208 0.0006524579072864078
v -0.11327746694056628 3.484328607635676 0.000652455802332419
v -0.11327746694056628 3.484328476350338 3.0041110191203093
v -0.11327746694056628 3.5324843470974208 0.0006524579072864078
v -0.11327746694056628 3.484328476350338 3.0041110191203093
v -0.11327746694056628 3.5324842158120826 3.0041110212252633
v -0.11327746694056628 3.484328607635676 0.000652455802332419
v -0.09369077011613314 3.440336146692392 0.0006524538793608592
v -0.09369077011613314 3.4403360154070537 3.0041110171973378
v -0.11327746694056628 3.484328607635676 0.000652455802332419
v -0.09369077011613314 3.4403360154070537 3.0041110171973378
v -0.11327746694056628 3.484328476350338 3.0041110191203093
v -0.09369077011613314 3.440336146692392 0.0006524538793608592
v -0.05790408339461095 3.4081136647614585 0.000652452470871534
v -0.05790408339461095 3.4081135334761203 3.0041110157888484
v -0.09369077011613314 3.440336146692392 0.0006524538793608592
v -0.05790408339461095 3.4081135334761203 3.0041110157888484
v -0.09369077011613314 3.4403360154070537 3.0041110171973378
v -0.05790408339461095 3.4081136647614585 0.000652452470871534
v -0.012105256083375204 3.3932327265319753 0.00056435089766671
v -0.012105256083375204 3.393232595242786 3.004111015138382
v -0.05790408339461095 3.4081136647614585 0.000652452470871534
v -0.012105256083375204 3.393232595242786 3.004111015138382
v -0.05790408339461095 3.4081135334761203 3.0041110157888484
v -0.012105256083375204 3.3932327265319753 0.00056435089766671
v 0.03578668672152219 3.398266356461777 0.0005643511176935956
v 0.03578668672152219 3.3982662251725877 3.0041110153584087
v -0.012105256083375204 3.3932327265319753 0.00056435089766671
v 0.03578668672152219 3.3982662251725877 3.0041110153584087
v -0.012105256083375204 3.393232595242786 3.004111015138382
v 0.03578668672152219 3.398266356461777 0.0005643511176935956
v 0.07749078636551765 3.4223442261926493 0.00056435217017059
v 0.07749078636551765 3.42234409490346 3.004111016410886
v 0.03578668672152219 3.398266356461777 0.0005643511176935956
v 0.07749078636551765 3.42234409490346 3.004111016410886
v 0.03578668672152219 3.3982662251725877 3.0041110153584087
v 0.07749078636551765 3.4223442261926493 0.00056435217017059
v 0.10579601621148882 3.4613030403033296 0.000564353873114376
v 0.10579601621148882 3.4613029090141403 3.0041110181138295
v 0.07749078636551765 3.4223442261926493 0.00056435217017059
v 0.10579601621148882 3.4613029090141403 3.0041110181138295
v 0.07749078636551765 3.42234409490346 3.004111016410886
v 0.10579601621148882 3.4613030403033296 0.000564353873114376
v 0.1158081667892219 3.508406466614071 0.0005643559320704927
v 0.1158081667892219 3.5084063353248816 3.004111020172786
v 0.10579601621148882 3.4613030403033296 0.000564353873114376
v 0.1158081667892219 3.5084063353248816 3.004111020172786
v 0.10579601621148882 3.4613029090141403 3.0041110181138295
v 0.1158081667892219 3.508406466614071 0.0005643559320704927
v 0.10579600391854171 3.555509852968883 0.0006524589137633097
v 0.10579600391854171 3.5555097216835447 3.00411102223174
v 0.1158081667892219 3.508406466614071 0.0005643559320704927
v 0.10579600391854171 3.5555097216835447 3.00411102223174
v 0.1158081667892219 3.5084063353248816 3.004111020172786
v 0.0774907925119912 3.5944686701528 0.0006524606167073177
v 0.10579600391854171 3.555509852968883 0.0006524589137633097
v 0.1158081667892219 3.508406466614071 0.0005643559320704927
v 0.10579601621148882 3.4613030403033296 0.000564353873114376
v 0.0774907925119912 3.5944686701528 0.0006524606167073177
v 0.1158081667892219 3.508406466614071 0.0005643559320704927
v 0.0774907925119912 3.5944686701528 0.0006524606167073177
v 0.10579601621148882 3.4613030403033296 0.000564353873114376
v 0.07749078636551765 3.4223442261926493 0.00056435217017059
v 0.03578668672152219 3.398266356461777 0.0005643511176935956
v 0.0774907925119912 3.5944686701528 0.0006524606167073177
v 0.07749078636551765 3.4223442261926493 0.00056435217017059
v 0.0774907925119912 3.5944686701528 0.0006524606167073177
v 0.03578668672152219 3.398266356461777 0.0005643511176935956
v -0.012105256083375204 3.3932327265319753 0.00056435089766671
v -0.05790408339461095 3.4081136647614585 0.000652452470871534
v 0.0774907925119912 3.5944686701528 0.0006524606167073177
v -0.012105256083375204 3.3932327265319753 0.00056435089766671
v 0.0774907925119912 3.5944686701528 0.0006524606167073177
v -0.05790408339461095 3.4081136647614585 0.000652452470871534
v -0.09369077011613314 3.440336146692392 0.0006524538793608592
v -0.11327746694056628 3.484328607635676 0.000652455802332419
v 0.0774907925119912 3.5944686701528 0.0006524606167073177
v -0.09369077011613314 3.440336146692392 0.0006524538793608592
v 0.0774907925119912 3.5944686701528 0.0006524606167073177
v -0.11327746694056628 3.484328607635676 0.000652455802332419
v -0.11327746694056628 3.5324843470974208 0.0006524579072864078
v -0.09369074553023893 3.5764767988209947 0.0006524598302575235
v 0.0774907925119912 3.5944686701528 0.0006524606167073177
v -0.11327746694056628 3.5324843470974208 0.0006524579072864078
v 0.0774907925119912 3.5944686701528 0.0006524606167073177
v -0.09369074553023893 3.5764767988209947 0.0006524598302575235
v -0.05790405880871674 3.6086992746054545 0.0006524612387466266
v -0.012105228424244219 3.6235802066923153 0.0006524618892127521
v 0.0774907925119912 3.5944686701528 0.0006524606167073177
v -0.05790405880871674 3.6086992746054545 0.0006524612387466266
v 0.0774907925119912 3.5944686701528 0.0006524606167073177
v -0.012105228424244219 3.6235802066923153 0.0006524618892127521
v 0.035786705160942844 3.6185465521766194 0.0006524616691847562
v 0.1158081667892219 3.5084063353248816 3.004111020172786
v 0.10579600391854171 3.5555097216835447 3.00411102223174
v 0.0774907925119912 3.5944685388674618 3.0041110239346844
v 0.035786705160942844 3.618546420891281 3.0041110249871616
v 0.1158081667892219 3.5084063353248816 3.004111020172786
v 0.0774907925119912 3.5944685388674618 3.0041110239346844
v 0.1158081667892219 3.5084063353248816 3.004111020172786
v 0.035786705160942844 3.618546420891281 3.0041110249871616
v -0.012105228424244219 3.623580075406977 3.0041110252071896
v -0.05790405880871674 3.6086991433201163 3.0041110245567237
v 0.1158081667892219 3.5084063353248816 3.004111020172786
v -0.012105228424244219 3.623580075406977 3.0041110252071896
v 0.1158081667892219 3.5084063353248816 3.004111020172786
v -0.05790405880871674 3.6086991433201163 3.0041110245567237
v -0.09369074553023893 3.5764766675356565 3.0041110231482344
v -0.11327746694056628 3.5324842158120826 3.0041110212252633
v 0.1158081667892219 3.5084063353248816 3.004111020172786
v -0.09369074553023893 3.5764766675356565 3.0041110231482344
v 0.1158081667892219 3.5084063353248816 3.004111020172786
v -0.11327746694056628 3.5324842158120826 3.0041110212252633
v -0.11327746694056628 3.484328476350338 3.0041110191203093
v -0.09369077011613314 3.4403360154070537 3.0041110171973378
v 0.1158081667892219 3.5084063353248816 3.004111020172786
v -0.11327746694056628 3.484328476350338 3.0041110191203093
v 0.1158081667892219 3.5084063353248816 3.004111020172786
v -0.09369077011613314 3.4403360154070537 3.0041110171973378
v -0.05790408339461095 3.4081135334761203 3.0041110157888484
v -0.012105256083375204 3.393232595242786 3.004111015138382
v 0.1158081667892219 3.5084063353248816 3.004111020172786
v -0.05790408339461095 3.4081135334761203 3.0041110157888484
v 0.1158081667892219 3.5084063353248816 3.004111020172786
v -0.012105256083375204 3.393232595242786 3.004111015138382
v 0.03578668672152219 3.3982662251725877 3.0041110153584087
v 0.07749078636551765 3.42234409490346 3.004111016410886
v 0.1158081667892219 3.5084063353248816 3.004111020172786
v 0.03578668672152219 3.3982662251725877 3.0041110153584087
v 0.1158081667892219 3.5084063353248816 3.004111020172786
v 0.07749078636551765 3.42234409490346 3.004111016410886
v 0.10579601621148882 3.4613029090141403 3.0041110181138295
vt -0.19633284211158752 0.08092749118804932
vt -0.1924516260623932 0.0770462155342102
vt 0.5118377804756165 0.781335711479187
vt -0.19633284211158752 0.08092749118804932
vt 0.5118377804756165 0.781335711479187
vt 0.5079566240310669 0.7852169275283813
vt -0.1924516260623932 0.0770462155342102
vt -0.18673312664031982 0.07132768630981445
vt 0.517556369304657 0.7756171822547913
vt -0.1924516260623932 0.0770462155342102
vt 0.517556369304657 0.7756171822547913
vt 0.5118377804756165 0.781335711479187
vt -0.18673312664031982 0.07132768630981445
vt -0.1801661252975464 0.06476068496704102
vt 0.5241233706474304 0.769050121307373
vt -0.18673312664031982 0.07132768630981445
vt 0.5241233706474304 0.769050121307373
vt 0.517556369304657 0.7756171822547913
vt -0.1801661252975464 0.06476068496704102
vt -0.17388609051704407 0.05848062038421631
vt 0.5304033160209656 0.7627701759338379
vt -0.1801661252975464 0.06476068496704102
vt 0.5304033160209656 0.7627701759338379
vt 0.5241233706474304 0.769050121307373
vt -0.17388609051704407 0.05848062038421631
vt -0.16897892951965332 0.053573548793792725
vt 0.5353105068206787 0.7578630447387695
vt -0.17388609051704407 0.05848062038421631
vt 0.5353105068206787 0.7578630447387695
vt 0.5304033160209656 0.7627701759338379
vt 0.5028549432754517 0.7903188467025757
vt 0.4968227744102478 0.7963510751724243
vt -0.207466721534729 0.09206169843673706
vt 0.5028549432754517 0.7903188467025757
vt -0.207466721534729 0.09206169843673706
vt -0.2014344036579132 0.08602941036224365
vt 0.4968227744102478 0.7963510751724243
vt 0.4902195334434509 0.8029543161392212
vt -0.21406984329223633 0.09866493940353394
vt 0.4968227744102478 0.7963510751724243
vt -0.21406984329223633 0.09866493940353394
vt -0.207466721534729 0.09206169843673706
vt 0.4902195334434509 0.8029543161392212
vt 0.48418721556663513 0.8089866042137146
vt -0.2201022207736969 0.10469722747802734
vt 0.4902195334434509 0.8029543161392212
vt -0.2201022207736969 0.10469722747802734
vt -0.21406984329223633 0.09866493940353394
vt 0.48418721556663513 0.8089866042137146
vt 0.4797687828540802 0.8134050369262695
vt -0.22452059388160706 0.10911566019058228
vt 0.48418721556663513 0.8089866042137146
vt -0.22452059388160706 0.10911566019058228
vt -0.2201022207736969 0.10469722747802734
vt 0.4744078814983368 0.8187659382820129
vt 0.4650484025478363 0.8219665288925171
vt -0.23616153001785278 0.12075662612915039
vt 0.4744078814983368 0.8187659382820129
vt -0.23616153001785278 0.12075662612915039
vt -0.22988149523735046 0.11447656154632568
vt 0.4650484025478363 0.8219665288925171
vt 0.45848143100738525 0.8285335302352905
vt -0.24272853136062622 0.12732362747192383
vt 0.4650484025478363 0.8219665288925171
vt -0.24272853136062622 0.12732362747192383
vt -0.23616153001785278 0.12075662612915039
vt 0.45848143100738525 0.8285335302352905
vt 0.4527628719806671 0.834252119064331
vt -0.24844709038734436 0.1330420970916748
vt 0.45848143100738525 0.8285335302352905
vt -0.24844709038734436 0.1330420970916748
vt -0.24272853136062622 0.12732362747192383
vt 0.4527628719806671 0.834252119064331
vt 0.44888171553611755 0.8381332159042358
vt -0.2523282766342163 0.13692325353622437
vt 0.4527628719806671 0.834252119064331
vt -0.2523282766342163 0.13692325353622437
vt -0.24844709038734436 0.1330420970916748
vt 0.4441744089126587 0.8428406715393066
vt 0.4377155005931854 0.8492995500564575
vt -0.26349449157714844 0.14808958768844604
vt 0.4441744089126587 0.8428406715393066
vt -0.26349449157714844 0.14808958768844604
vt -0.25703561305999756 0.14163070917129517
vt 0.4377155005931854 0.8492995500564575
vt 0.43433600664138794 0.8588377833366394
vt -0.2699533700942993 0.15454846620559692
vt 0.4377155005931854 0.8492995500564575
vt -0.2699533700942993 0.15454846620559692
vt -0.26349449157714844 0.14808958768844604
vt 0.36279529333114624 0.9223949313163757
vt 0.3535720109939575 0.9209340810775757
vt 0.34574025869369507 0.9158480167388916
vt 0.34065425395965576 0.9080163240432739
vt 0.36279529333114624 0.9223949313163757
vt 0.34574025869369507 0.9158480167388916
vt 0.36279529333114624 0.9223949313163757
vt 0.34065425395965576 0.9080163240432739
vt 0.33919331431388855 0.8987930417060852
vt 0.341610312461853 0.8897728323936462
vt 0.36279529333114624 0.9223949313163757
vt 0.33919331431388855 0.8987930417060852
vt 0.36279529333114624 0.9223949313163757
vt 0.341610312461853 0.8897728323936462
vt 0.3474871516227722 0.8825156092643738
vt 0.3558075726032257 0.8782761096954346
vt 0.36279529333114624 0.9223949313163757
vt 0.3474871516227722 0.8825156092643738
vt 0.36279529333114624 0.9223949313163757
vt 0.3558075726032257 0.8782761096954346
vt 0.3651331067085266 0.8777872920036316
vt 0.37385115027427673 0.8811339139938354
vt 0.36279529333114624 0.9223949313163757
vt 0.3651331067085266 0.8777872920036316
vt 0.36279529333114624 0.9223949313163757
vt 0.37385115027427673 0.8811339139938354
vt 0.3804543614387512 0.8877370953559875
vt 0.3838009238243103 0.8964551091194153
vt 0.36279529333114624 0.9223949313163757
vt 0.3804543614387512 0.8877370953559875
vt 0.36279529333114624 0.9223949313163757
vt 0.3838009238243103 0.8964551091194153
vt 0.3833121955394745 0.9057806134223938
vt 0.3790726363658905 0.9141011834144592
vt 0.36279529333114624 0.9223949313163757
vt 0.3833121955394745 0.9057806134223938
vt 0.36279529333114624 0.9223949313163757
vt 0.3790726363658905 0.9141011834144592
vt 0.37181544303894043 0.9199779629707336
vt 0.38194572925567627 0.8796426057815552
vt 0.3768596649169922 0.871810793876648
vt 0.3753988742828369 0.8625874519348145
vt 0.37781575322151184 0.8535673022270203
vt 0.38194572925567627 0.8796426057815552
vt 0.3753988742828369 0.8625874519348145
vt 0.38194572925567627 0.8796426057815552
vt 0.37781575322151184 0.8535673022270203
vt 0.38369250297546387 0.8463101387023926
vt 0.3920131325721741 0.8420707583427429
vt 0.38194572925567627 0.8796426057815552
vt 0.38369250297546387 0.8463101387023926
vt 0.38194572925567627 0.8796426057815552
vt 0.3920131325721741 0.8420707583427429
vt 0.40133848786354065 0.8415818810462952
vt 0.4100567102432251 0.844928503036499
vt 0.38194572925567627 0.8796426057815552
vt 0.40133848786354065 0.8415818810462952
vt 0.38194572925567627 0.8796426057815552
vt 0.4100567102432251 0.844928503036499
vt 0.41665977239608765 0.8515315651893616
vt 0.4200063943862915 0.8602497577667236
vt 0.38194572925567627 0.8796426057815552
vt 0.41665977239608765 0.8515315651893616
vt 0.38194572925567627 0.8796426057815552
vt 0.4200063943862915 0.8602497577667236
vt 0.4195175766944885 0.8695752024650574
vt 0.41527819633483887 0.877895712852478
vt 0.38194572925567627 0.8796426057815552
vt 0.4195175766944885 0.8695752024650574
vt 0.38194572925567627 0.8796426057815552
vt 0.41527819633483887 0.877895712852478
vt 0.40802088379859924 0.8837724328041077
vt 0.3990008234977722 0.8861894607543945
vt 0.38194572925567627 0.8796426057815552
vt 0.40802088379859924 0.8837724328041077
vt 0.38194572925567627 0.8796426057815552
vt 0.3990008234977722 0.8861894607543945
vt 0.38977742195129395 0.8847285509109497
vn 0.9136320384068942 0.40654212376636073 1.777051990618957e-8
vn 0.6691308439214523 0.7431446115750043 3.2483881349662076e-8
vn 0.6691308439214523 0.7431446115750043 3.2483881349662076e-8
vn 0.9136320384068942 0.40654212376636073 1.777051990618957e-8
vn 0.6691308439214523 0.7431446115750043 3.2483881349662076e-8
vn 0.9135460478724062 0.40673531739536345 1.7778964667576767e-8
vn 0.6691308439214523 0.7431446115750043 3.2483881349662076e-8
vn 0.3090172104800834 0.9510564460783104 4.157199590771848e-8
vn 0.3090172104800834 0.9510564460783104 4.157199590771848e-8
vn 0.6691308439214523 0.7431446115750043 3.2483881349662076e-8
vn 0.3090172104800834 0.9510564460783104 4.157199590771848e-8
vn 0.6691308439214523 0.7431446115750043 3.2483881349662076e-8
vn 0.3090172104800834 0.9510564460783104 4.157199590771848e-8
vn -0.1045283001072703 0.9945219125171061 4.347193171107868e-8
vn -0.1045283001072703 0.9945219125171061 4.347193171107868e-8
vn 0.3090172104800834 0.9510564460783104 4.157199590771848e-8
vn -0.1045283001072703 0.9945219125171061 4.347193171107868e-8
vn 0.3090172104800834 0.9510564460783104 4.157199590771848e-8
vn -0.1045283001072703 0.9945219125171061 4.347193171107868e-8
vn -0.499999862246664 0.8660254833163489 3.785517462908056e-8
vn -0.499999862246664 0.8660254833163489 3.785517462908056e-8
vn -0.1045283001072703 0.9945219125171061 4.347193171107868e-8
vn -0.499999862246664 0.8660254833163489 3.785517462908056e-8
vn -0.1045283001072703 0.9945219125171061 4.347193171107868e-8
vn -0.499999862246664 0.8660254833163489 3.785517462908056e-8
vn -0.8090168465990117 0.5877854556885452 2.5692917238782506e-8
vn -0.8090168465990117 0.5877854556885452 2.5692917238782506e-8
vn -0.499999862246664 0.8660254833163489 3.785517462908056e-8
vn -0.8090168465990117 0.5877854556885452 2.5692917238782506e-8
vn -0.499999862246664 0.8660254833163489 3.785517462908056e-8
vn -0.8090168465990117 0.5877854556885452 2.5692917238782506e-8
vn -0.9781475549506937 0.207911906210249 9.088117692466308e-9
vn -0.9781475549506937 0.207911906210249 9.088117692466308e-9
vn -0.8090168465990117 0.5877854556885452 2.5692917238782506e-8
vn -0.9781475549506937 0.207911906210249 9.088117692466308e-9
vn -0.8090168465990117 0.5877854556885452 2.5692917238782506e-8
vn -0.9781475549506937 0.207911906210249 9.088117692466308e-9
vn -0.9781476116210176 -0.20791163959744785 -9.088106038451108e-9
vn -0.9781476116210176 -0.20791163959744785 -9.088106038451108e-9
vn -0.9781475549506937 0.207911906210249 9.088117692466308e-9
vn -0.9781476116210176 -0.20791163959744785 -9.088106038451108e-9
vn -0.9781475549506937 0.207911906210249 9.088117692466308e-9
vn -0.9781476116210176 -0.20791163959744785 -9.088106038451108e-9
vn -0.8090170500961854 -0.5877851755987603 -2.569290499566966e-8
vn -0.8090170500961854 -0.5877851755987603 -2.569290499566966e-8
vn -0.9781476116210176 -0.20791163959744785 -9.088106038451108e-9
vn -0.8090170500961854 -0.5877851755987603 -2.569290499566966e-8
vn -0.9781476116210176 -0.20791163959744785 -9.088106038451108e-9
vn -0.8090170500961854 -0.5877851755987603 -2.569290499566966e-8
vn -0.4998155611241879 -0.8661318634354194 -3.785982465158227e-8
vn -0.4999987289748043 -0.8660261376099332 -3.7855203229160316e-8
vn -0.8090170500961854 -0.5877851755987603 -2.569290499566966e-8
vn -0.4999987289748043 -0.8660261376099332 -3.7855203229160316e-8
vn -0.8090170500961854 -0.5877851755987603 -2.569290499566966e-8
vn -0.4998155611241879 -0.8661318634354194 -3.785982465158227e-8
vn -0.1043163653707879 -0.9945441648895369 -4.3472904393130785e-8
vn -0.10452709625447537 -0.9945220390461971 -4.347193724184068e-8
vn -0.4998155611241879 -0.8661318634354194 -3.785982465158227e-8
vn -0.10452709625447537 -0.9945220390461971 -4.347193724184068e-8
vn -0.4999987289748043 -0.8660261376099332 -3.7855203229160316e-8
vn -0.1043163653707879 -0.9945441648895369 -4.3472904393130785e-8
vn 0.309016788615936 -0.9510565831502835 -4.157200189932449e-8
vn 0.309016788615936 -0.9510565831502835 -4.157200189932449e-8
vn -0.1043163653707879 -0.9945441648895369 -4.3472904393130785e-8
vn 0.309016788615936 -0.9510565831502835 -4.157200189932449e-8
vn -0.10452709625447537 -0.9945220390461971 -4.347193724184068e-8
vn 0.309016788615936 -0.9510565831502835 -4.157200189932449e-8
vn 0.6691305936951912 -0.7431448368798103 -3.248389119804753e-8
vn 0.6691305936951912 -0.7431448368798103 -3.248389119804753e-8
vn 0.309016788615936 -0.9510565831502835 -4.157200189932449e-8
vn 0.6691305936951912 -0.7431448368798103 -3.248389119804753e-8
vn 0.309016788615936 -0.9510565831502835 -4.157200189932449e-8
vn 0.6691305936951912 -0.7431448368798103 -3.248389119804753e-8
vn 0.9135454521622745 -0.4067366553848142 -1.777902315146531e-8
vn 0.9135454521622745 -0.4067366553848142 -1.777902315146531e-8
vn 0.6691305936951912 -0.7431448368798103 -3.248389119804753e-8
vn 0.9135454521622745 -0.4067366553848142 -1.777902315146531e-8
vn 0.6691305936951912 -0.7431448368798103 -3.248389119804753e-8
vn 0.9135454521622745 -0.4067366553848142 -1.777902315146531e-8
vn 0.9999999772450009 -0.00021333072314755162 -9.32498021005598e-12
vn 0.9999999999989617 -0.0000014409802133726333 -6.2985757594046e-14
vn 0.9135454521622745 -0.4067366553848142 -1.777902315146531e-8
vn 0.9999999999989617 -0.0000014409802133726333 -6.2985757594046e-14
vn 0.9135454521622745 -0.4067366553848142 -1.777902315146531e-8
vn 0.9999999772450009 -0.00021333072314755162 -9.32498021005598e-12
vn 0.9136320384068942 0.40654212376636073 1.777051990618957e-8
vn 0.9135460478724062 0.40673531739536345 1.7778964667576767e-8
vn 0.9999999772450009 -0.00021333072314755162 -9.32498021005598e-12
vn 0.9135460478724062 0.40673531739536345 1.7778964667576767e-8
vn 0.9999999999989617 -0.0000014409802133726333 -6.2985757594046e-14
vn -0.00028271091482247204 0.0003146551404052946 -0.9999999105333366
vn -0.0002827109149902643 0.000314655155690348 -0.9999999105333316
vn -0.000282710897803792 0.0003146551404052961 -0.9999999105333415
vn -0.0002827109149902643 0.000314655155690348 -0.9999999105333316
vn -0.00028271091482247204 0.0003146551404052946 -0.9999999105333366
vn -0.000282710897803792 0.0003146551404052961 -0.9999999105333415
vn -0.00028271091482247204 0.0003146551404052946 -0.9999999105333366
vn -0.0002827109149902643 0.000314655155690348 -0.9999999105333316
vn -0.00028271091482247204 0.0003146551404052946 -0.9999999105333366
vn -0.00028271091482247204 0.0003146551404052946 -0.9999999105333366
vn -0.00028271091482247204 0.0003146551404052946 -0.9999999105333366
vn -0.00028271091482247204 0.0003146551404052946 -0.9999999105333366
vn -0.00028271091482247204 0.0003146551404052946 -0.9999999105333366
vn -0.00028271091482247204 0.0003146551404052946 -0.9999999105333366
vn -0.000282710897803792 0.0003146551404052961 -0.9999999105333415
vn -0.0002827109149902643 0.000314655155690348 -0.9999999105333316
vn -0.00028271091482247204 0.0003146551404052946 -0.9999999105333366
vn -0.000282710897803792 0.0003146551404052961 -0.9999999105333415
vn -0.00028271091482247204 0.0003146551404052946 -0.9999999105333366
vn -0.0002827109149902643 0.000314655155690348 -0.9999999105333316
vn -0.00028271091482247204 0.0003146551404052946 -0.9999999105333366
vn -0.00028271091482247204 0.0003146551404052946 -0.9999999105333366
vn -0.00028271091482247204 0.0003146551404052946 -0.9999999105333366
vn -0.00028271091482247204 0.0003146551404052946 -0.9999999105333366
vn -0.00028271091482247204 0.0003146551404052946 -0.9999999105333366
vn -0.00028271091482247204 0.0003146551404052946 -0.9999999105333366
vn -0.0002827109320089434 0.00031465515569034647 -0.9999999105333269
vn -0.0002827109149902643 0.000314655155690348 -0.9999999105333316
vn -0.00028271091482247204 0.0003146551404052946 -0.9999999105333366
vn -0.0002827109320089434 0.00031465515569034647 -0.9999999105333269
vn -0.00028271091482247204 0.0003146551404052946 -0.9999999105333366
vn -0.0002827109149902643 0.000314655155690348 -0.9999999105333316
vn -0.0002827109320089434 0.00031465515569034647 -0.9999999105333269
vn -0.00028271091482247204 0.0003146551404052946 -0.9999999105333366
vn -0.00028271091482247204 0.0003146551404052946 -0.9999999105333366
vn -0.0002827109320089434 0.00031465515569034647 -0.9999999105333269
vn -0.00028271091482247204 0.0003146551404052946 -0.9999999105333366
vn -0.00028271091482247204 0.0003146551404052946 -0.9999999105333366
vn -0.00028271091482247204 0.0003146551404052946 -0.9999999105333366
vn 0 1.0123744935464306e-7 0.9999999999999949
vn 0 1.0123744935464306e-7 0.9999999999999949
vn 0 1.0123744935464306e-7 0.9999999999999949
vn 0 1.0123744935464306e-7 0.9999999999999949
vn 0 1.0123744935464306e-7 0.9999999999999949
vn 0 1.0123744935464306e-7 0.9999999999999949
vn 0 1.0123744935464306e-7 0.9999999999999949
vn 0 1.0123744935464306e-7 0.9999999999999949
vn 0 1.0123744935464306e-7 0.9999999999999949
vn 0 1.0123744935464306e-7 0.9999999999999949
vn 0 1.0123744935464306e-7 0.9999999999999949
vn 0 1.0123744935464306e-7 0.9999999999999949
vn 0 1.0123744935464306e-7 0.9999999999999949
vn 0 1.0123744935464306e-7 0.9999999999999949
vn 0 1.0123744935464306e-7 0.9999999999999949
vn 0 1.0123744935464306e-7 0.9999999999999949
vn 0 1.0123744935464306e-7 0.9999999999999949
vn 0 1.0123744935464306e-7 0.9999999999999949
vn 0 1.0123744935464306e-7 0.9999999999999949
vn 0 1.0123744935464306e-7 0.9999999999999949
vn 0 1.0123744935464306e-7 0.9999999999999949
vn 0 1.0123744935464306e-7 0.9999999999999949
vn 0 1.0123744935464306e-7 0.9999999999999949
vn 0 1.0123744935464306e-7 0.9999999999999949
vn 0 1.0123744935464306e-7 0.9999999999999949
vn 0 1.0123744935464306e-7 0.9999999999999949
vn 0 1.0123744935464306e-7 0.9999999999999949
vn 0 1.0123744935464306e-7 0.9999999999999949
vn 0 1.0123744935464306e-7 0.9999999999999949
vn 0 1.0123744935464306e-7 0.9999999999999949
vn 0 1.0123744935464306e-7 0.9999999999999949
vn 0 1.0123744935464306e-7 0.9999999999999949
vn 0 1.0123744935464306e-7 0.9999999999999949
vn 0 1.0123744935464306e-7 0.9999999999999949
vn 0 1.0123744935464306e-7 0.9999999999999949
vn 0 1.0123744935464306e-7 0.9999999999999949
vn 0 1.0123744935464306e-7 0.9999999999999949
vn 0 1.0123744935464306e-7 0.9999999999999949
vn 0 1.0123744935464306e-7 0.9999999999999949
f 505/505/505 506/506/506 507/507/507
f 508/508/508 509/509/509 510/510/510
f 511/511/511 512/512/512 513/513/513
f 514/514/514 515/515/515 516/516/516
f 517/517/517 518/518/518 519/519/519
f 520/520/520 521/521/521 522/522/522
f 523/523/523 524/524/524 525/525/525
f 526/526/526 527/527/527 528/528/528
f 529/529/529 530/530/530 531/531/531
f 532/532/532 533/533/533 534/534/534
f 535/535/535 536/536/536 537/537/537
f 538/538/538 539/539/539 540/540/540
f 541/541/541 542/542/542 543/543/543
f 544/544/544 545/545/545 546/546/546
f 547/547/547 548/548/548 549/549/549
f 550/550/550 551/551/551 552/552/552
f 553/553/553 554/554/554 555/555/555
f 556/556/556 557/557/557 558/558/558
f 559/559/559 560/560/560 561/561/561
f 562/562/562 563/563/563 564/564/564
f 565/565/565 566/566/566 567/567/567
f 568/568/568 569/569/569 570/570/570
f 571/571/571 572/572/572 573/573/573
f 574/574/574 575/575/575 576/576/576
f 577/577/577 578/578/578 579/579/579
f 580/580/580 581/581/581 582/582/582
f 583/583/583 584/584/584 585/585/585
f 586/586/586 587/587/587 588/588/588
f 589/589/589 590/590/590 591/591/591
f 592/592/592 593/593/593 594/594/594
f 595/595/595 596/596/596 597/597/597
f 598/598/598 599/599/599 600/600/600
f 601/601/601 602/602/602 603/603/603
f 604/604/604 605/605/605 606/606/606
f 607/607/607 608/608/608 609/609/609
f 610/610/610 611/611/611 612/612/612
f 613/613/613 614/614/614 615/615/615
f 616/616/616 617/617/617 618/618/618
f 619/619/619 620/620/620 621/621/621
f 622/622/622 623/623/623 624/624/624
f 625/625/625 626/626/626 627/627/627
f 628/628/628 629/629/629 630/630/630
f 631/631/631 632/632/632 633/633/633
f 634/634/634 635/635/635 636/636/636
f 637/637/637 638/638/638 639/639/639
f 640/640/640 641/641/641 642/642/642
f 643/643/643 644/644/644 645/645/645
f 646/646/646 647/647/647 648/648/648
f 649/649/649 650/650/650 651/651/651
f 652/652/652 653/653/653 654/654/654
f 655/655/655 656/656/656 657/657/657
f 658/658/658 659/659/659 660/660/660
f 661/661/661 662/662/662 663/663/663
f 664/664/664 665/665/665 666/666/666
f 667/667/667 668/668/668 669/669/669
f 670/670/670 671/671/671 672/672/672
o stair4
usemtl Roof
v 0.10579600391854171 5.525865125261974 0.0006524589137633097
v 0.0774907925119912 5.564823942445891 0.0006524606167073177
v 0.0774907925119912 5.564823811160553 3.0041110239346844
v 0.10579600391854171 5.525865125261974 0.0006524589137633097
v 0.0774907925119912 5.564823811160553 3.0041110239346844
v 0.10579600391854171 5.5258649939766356 3.00411102223174
v 0.0774907925119912 5.564823942445891 0.0006524606167073177
v 0.035786705160942844 5.58890182446971 0.0006524616691847562
v 0.035786705160942844 5.588901693184372 3.0041110249871616
v 0.0774907925119912 5.564823942445891 0.0006524606167073177
v 0.035786705160942844 5.588901693184372 3.0041110249871616
v 0.0774907925119912 5.564823811160553 3.0041110239346844
v 0.035786705160942844 5.58890182446971 0.0006524616691847562
v -0.012105228424244219 5.593935478985406 0.0006524618892127521
v -0.012105228424244219 5.593935347700068 3.0041110252071896
v 0.035786705160942844 5.58890182446971 0.0006524616691847562
v -0.012105228424244219 5.593935347700068 3.0041110252071896
v 0.035786705160942844 5.588901693184372 3.0041110249871616
v -0.012105228424244219 5.593935478985406 0.0006524618892127521
v -0.05790405880871674 5.579054546898545 0.0006524612387466266
v -0.05790405880871674 5.579054415613207 3.0041110245567237
v -0.012105228424244219 5.593935478985406 0.0006524618892127521
v -0.05790405880871674 5.579054415613207 3.0041110245567237
v -0.012105228424244219 5.593935347700068 3.0041110252071896
v -0.05790405880871674 5.579054546898545 0.0006524612387466266
v -0.09369074553023893 5.5468320711140855 0.0006524598302575235
v -0.09369074553023893 5.546831939828747 3.0041110231482344
v -0.05790405880871674 5.579054546898545 0.0006524612387466266
v -0.09369074553023893 5.546831939828747 3.0041110231482344
v -0.05790405880871674 5.579054415613207 3.0041110245567237
v -0.09369074553023893 5.5468320711140855 0.0006524598302575235
v -0.11327746694056628 5.502839619390511 0.0006524579072864078
v -0.11327746694056628 5.502839488105173 3.0041110212252633
v -0.09369074553023893 5.5468320711140855 0.0006524598302575235
v -0.11327746694056628 5.502839488105173 3.0041110212252633
v -0.09369074553023893 5.546831939828747 3.0041110231482344
v -0.11327746694056628 5.502839619390511 0.0006524579072864078
v -0.11327746694056628 5.4546838799287665 0.000652455802332419
v -0.11327746694056628 5.454683748643428 3.0041110191203093
v -0.11327746694056628 5.502839619390511 0.0006524579072864078
v -0.11327746694056628 5.454683748643428 3.0041110191203093
v -0.11327746694056628 5.502839488105173 3.0041110212252633
v -0.11327746694056628 5.4546838799287665 0.000652455802332419
v -0.09369077011613314 5.410691418985483 0.0006524538793608592
v -0.09369077011613314 5.4106912877001445 3.0041110171973378
v -0.11327746694056628 5.4546838799287665 0.000652455802332419
v -0.09369077011613314 5.4106912877001445 3.0041110171973378
v -0.11327746694056628 5.454683748643428 3.0041110191203093
v -0.09369077011613314 5.410691418985483 0.0006524538793608592
v -0.05790408339461095 5.378468937054549 0.000652452470871534
v -0.05790408339461095 5.378468805769211 3.0041110157888484
v -0.09369077011613314 5.410691418985483 0.0006524538793608592
v -0.05790408339461095 5.378468805769211 3.0041110157888484
v -0.09369077011613314 5.4106912877001445 3.0041110171973378
v -0.05790408339461095 5.378468937054549 0.000652452470871534
v -0.012105256083375204 5.363587998825066 0.00056435089766671
v -0.012105256083375204 5.363587867535877 3.004111015138382
v -0.05790408339461095 5.378468937054549 0.000652452470871534
v -0.012105256083375204 5.363587867535877 3.004111015138382
v -0.05790408339461095 5.378468805769211 3.0041110157888484
v -0.012105256083375204 5.363587998825066 0.00056435089766671
v 0.03578668672152219 5.368621628754868 0.0005643511176935956
v 0.03578668672152219 5.3686214974656785 3.0041110153584087
v -0.012105256083375204 5.363587998825066 0.00056435089766671
v 0.03578668672152219 5.3686214974656785 3.0041110153584087
v -0.012105256083375204 5.363587867535877 3.004111015138382
v 0.03578668672152219 5.368621628754868 0.0005643511176935956
v 0.07749078636551765 5.39269949848574 0.00056435217017059
v 0.07749078636551765 5.392699367196551 3.004111016410886
v 0.03578668672152219 5.368621628754868 0.0005643511176935956
v 0.07749078636551765 5.392699367196551 3.004111016410886
v 0.03578668672152219 5.3686214974656785 3.0041110153584087
v 0.07749078636551765 5.39269949848574 0.00056435217017059
v 0.10579601621148882 5.43165831259642 0.000564353873114376
v 0.10579601621148882 5.431658181307231 3.0041110181138295
v 0.07749078636551765 5.39269949848574 0.00056435217017059
v 0.10579601621148882 5.431658181307231 3.0041110181138295
v 0.07749078636551765 5.392699367196551 3.004111016410886
v 0.10579601621148882 5.43165831259642 0.000564353873114376
v 0.1158081667892219 5.478761738907162 0.0005643559320704927
v 0.1158081667892219 5.478761607617972 3.004111020172786
v 0.10579601621148882 5.43165831259642 0.000564353873114376
v 0.1158081667892219 5.478761607617972 3.004111020172786
v 0.10579601621148882 5.431658181307231 3.0041110181138295
v 0.1158081667892219 5.478761738907162 0.0005643559320704927
v 0.10579600391854171 5.525865125261974 0.0006524589137633097
v 0.10579600391854171 5.5258649939766356 3.00411102223174
v 0.1158081667892219 5.478761738907162 0.0005643559320704927
v 0.10579600391854171 5.5258649939766356 3.00411102223174
v 0.1158081667892219 5.478761607617972 3.004111020172786
v 0.0774907925119912 5.564823942445891 0.0006524606167073177
v 0.10579600391854171 5.525865125261974 0.0006524589137633097
v 0.1158081667892219 5.478761738907162 0.0005643559320704927
v 0.10579601621148882 5.43165831259642 0.000564353873114376
v 0.0774907925119912 5.564823942445891 0.0006524606167073177
v 0.1158081667892219 5.478761738907162 0.0005643559320704927
v 0.0774907925119912 5.564823942445891 0.0006524606167073177
v 0.10579601621148882 5.43165831259642 0.000564353873114376
v 0.07749078636551765 5.39269949848574 0.00056435217017059
v 0.03578668672152219 5.368621628754868 0.0005643511176935956
v 0.0774907925119912 5.564823942445891 0.0006524606167073177
v 0.07749078636551765 5.39269949848574 0.00056435217017059
v 0.0774907925119912 5.564823942445891 0.0006524606167073177
v 0.03578668672152219 5.368621628754868 0.0005643511176935956
v -0.012105256083375204 5.363587998825066 0.00056435089766671
v -0.05790408339461095 5.378468937054549 0.000652452470871534
v 0.0774907925119912 5.564823942445891 0.0006524606167073177
v -0.012105256083375204 5.363587998825066 0.00056435089766671
v 0.0774907925119912 5.564823942445891 0.0006524606167073177
v -0.05790408339461095 5.378468937054549 0.000652452470871534
v -0.09369077011613314 5.410691418985483 0.0006524538793608592
v -0.11327746694056628 5.4546838799287665 0.000652455802332419
v 0.0774907925119912 5.564823942445891 0.0006524606167073177
v -0.09369077011613314 5.410691418985483 0.0006524538793608592
v 0.0774907925119912 5.564823942445891 0.0006524606167073177
v -0.11327746694056628 5.4546838799287665 0.000652455802332419
v -0.11327746694056628 5.502839619390511 0.0006524579072864078
v -0.09369074553023893 5.5468320711140855 0.0006524598302575235
v 0.0774907925119912 5.564823942445891 0.0006524606167073177
v -0.11327746694056628 5.502839619390511 0.0006524579072864078
v 0.0774907925119912 5.564823942445891 0.0006524606167073177
v -0.09369074553023893 5.5468320711140855 0.0006524598302575235
v -0.05790405880871674 5.579054546898545 0.0006524612387466266
v -0.012105228424244219 5.593935478985406 0.0006524618892127521
v 0.0774907925119912 5.564823942445891 0.0006524606167073177
v -0.05790405880871674 5.579054546898545 0.0006524612387466266
v 0.0774907925119912 5.564823942445891 0.0006524606167073177
v -0.012105228424244219 5.593935478985406 0.0006524618892127521
v 0.035786705160942844 5.58890182446971 0.0006524616691847562
v 0.1158081667892219 5.478761607617972 3.004111020172786
v 0.10579600391854171 5.5258649939766356 3.00411102223174
v 0.0774907925119912 5.564823811160553 3.0041110239346844
v 0.035786705160942844 5.588901693184372 3.0041110249871616
v 0.1158081667892219 5.478761607617972 3.004111020172786
v 0.0774907925119912 5.564823811160553 3.0041110239346844
v 0.1158081667892219 5.478761607617972 3.004111020172786
v 0.035786705160942844 5.588901693184372 3.0041110249871616
v -0.012105228424244219 5.593935347700068 3.0041110252071896
v -0.05790405880871674 5.579054415613207 3.0041110245567237
v 0.1158081667892219 5.478761607617972 3.004111020172786
v -0.012105228424244219 5.593935347700068 3.0041110252071896
v 0.1158081667892219 5.478761607617972 3.004111020172786
v -0.05790405880871674 5.579054415613207 3.0041110245567237
v -0.09369074553023893 5.546831939828747 3.0041110231482344
v -0.11327746694056628 5.502839488105173 3.0041110212252633
v 0.1158081667892219 5.478761607617972 3.004111020172786
v -0.09369074553023893 5.546831939828747 3.0041110231482344
v 0.1158081667892219 5.478761607617972 3.004111020172786
v -0.11327746694056628 5.502839488105173 3.0041110212252633
v -0.11327746694056628 5.454683748643428 3.0041110191203093
v -0.09369077011613314 5.4106912877001445 3.0041110171973378
v 0.1158081667892219 5.478761607617972 3.004111020172786
v -0.11327746694056628 5.454683748643428 3.0041110191203093
v 0.1158081667892219 5.478761607617972 3.004111020172786
v -0.09369077011613314 5.4106912877001445 3.0041110171973378
v -0.05790408339461095 5.378468805769211 3.0041110157888484
v -0.012105256083375204 5.363587867535877 3.004111015138382
v 0.1158081667892219 5.478761607617972 3.004111020172786
v -0.05790408339461095 5.378468805769211 3.0041110157888484
v 0.1158081667892219 5.478761607617972 3.004111020172786
v -0.012105256083375204 5.363587867535877 3.004111015138382
v 0.03578668672152219 5.3686214974656785 3.0041110153584087
v 0.07749078636551765 5.392699367196551 3.004111016410886
v 0.1158081667892219 5.478761607617972 3.004111020172786
v 0.03578668672152219 5.3686214974656785 3.0041110153584087
v 0.1158081667892219 5.478761607617972 3.004111020172786
v 0.07749078636551765 5.392699367196551 3.004111016410886
v 0.10579601621148882 5.431658181307231 3.0041110181138295
vt -0.19633284211158752 0.08092749118804932
vt -0.1924516260623932 0.0770462155342102
vt 0.5118377804756165 0.781335711479187
vt -0.19633284211158752 0.08092749118804932
vt 0.5118377804756165 0.781335711479187
vt 0.5079566240310669 0.7852169275283813
vt -0.1924516260623932 0.0770462155342102
vt -0.18673312664031982 0.07132768630981445
vt 0.517556369304657 0.7756171822547913
vt -0.1924516260623932 0.0770462155342102
vt 0.517556369304657 0.7756171822547913
vt 0.5118377804756165 0.781335711479187
vt -0.18673312664031982 0.07132768630981445
vt -0.1801661252975464 0.06476068496704102
vt 0.5241233706474304 0.769050121307373
vt -0.18673312664031982 0.07132768630981445
vt 0.5241233706474304 0.769050121307373
vt 0.517556369304657 0.7756171822547913
vt -0.1801661252975464 0.06476068496704102
vt -0.17388609051704407 0.05848062038421631
vt 0.5304033160209656 0.7627701759338379
vt -0.1801661252975464 0.06476068496704102
vt 0.5304033160209656 0.7627701759338379
vt 0.5241233706474304 0.769050121307373
vt -0.17388609051704407 0.05848062038421631
vt -0.16897892951965332 0.053573548793792725
vt 0.5353105068206787 0.7578630447387695
vt -0.17388609051704407 0.05848062038421631
vt 0.5353105068206787 0.7578630447387695
vt 0.5304033160209656 0.7627701759338379
vt 0.5028549432754517 0.7903188467025757
vt 0.4968227744102478 0.7963510751724243
vt -0.207466721534729 0.09206169843673706
vt 0.5028549432754517 0.7903188467025757
vt -0.207466721534729 0.09206169843673706
vt -0.2014344036579132 0.08602941036224365
vt 0.4968227744102478 0.7963510751724243
vt 0.4902195334434509 0.8029543161392212
vt -0.21406984329223633 0.09866493940353394
vt 0.4968227744102478 0.7963510751724243
vt -0.21406984329223633 0.09866493940353394
vt -0.207466721534729 0.09206169843673706
vt 0.4902195334434509 0.8029543161392212
vt 0.48418721556663513 0.8089866042137146
vt -0.2201022207736969 0.10469722747802734
vt 0.4902195334434509 0.8029543161392212
vt -0.2201022207736969 0.10469722747802734
vt -0.21406984329223633 0.09866493940353394
vt 0.48418721556663513 0.8089866042137146
vt 0.4797687828540802 0.8134050369262695
vt -0.22452059388160706 0.10911566019058228
vt 0.48418721556663513 0.8089866042137146
vt -0.22452059388160706 0.10911566019058228
vt -0.2201022207736969 0.10469722747802734
vt 0.4744078814983368 0.8187659382820129
vt 0.4650484025478363 0.8219665288925171
vt -0.23616153001785278 0.12075662612915039
vt 0.4744078814983368 0.8187659382820129
vt -0.23616153001785278 0.12075662612915039
vt -0.22988149523735046 0.11447656154632568
vt 0.4650484025478363 0.8219665288925171
vt 0.45848143100738525 0.8285335302352905
vt -0.24272853136062622 0.12732362747192383
vt 0.4650484025478363 0.8219665288925171
vt -0.24272853136062622 0.12732362747192383
vt -0.23616153001785278 0.12075662612915039
vt 0.45848143100738525 0.8285335302352905
vt 0.4527628719806671 0.834252119064331
vt -0.24844709038734436 0.1330420970916748
vt 0.45848143100738525 0.8285335302352905
vt -0.24844709038734436 0.1330420970916748
vt -0.24272853136062622 0.12732362747192383
vt 0.4527628719806671 0.834252119064331
vt 0.44888171553611755 0.8381332159042358
vt -0.2523282766342163 0.13692325353622437
vt 0.4527628719806671 0.834252119064331
vt -0.2523282766342163 0.13692325353622437
vt -0.24844709038734436 0.1330420970916748
vt 0.4441744089126587 0.8428406715393066
vt 0.4377155005931854 0.8492995500564575
vt -0.26349449157714844 0.14808958768844604
vt 0.4441744089126587 0.8428406715393066
vt -0.26349449157714844 0.14808958768844604
vt -0.25703561305999756 0.14163070917129517
vt 0.4377155005931854 0.8492995500564575
vt 0.43433600664138794 0.8588377833366394
vt -0.2699533700942993 0.15454846620559692
vt 0.4377155005931854 0.8492995500564575
vt -0.2699533700942993 0.15454846620559692
vt -0.26349449157714844 0.14808958768844604
vt 0.36279529333114624 0.9223949313163757
vt 0.3535720109939575 0.9209340810775757
vt 0.34574025869369507 0.9158480167388916
vt 0.34065425395965576 0.9080163240432739
vt 0.36279529333114624 0.9223949313163757
vt 0.34574025869369507 0.9158480167388916
vt 0.36279529333114624 0.9223949313163757
vt 0.34065425395965576 0.9080163240432739
vt 0.33919331431388855 0.8987930417060852
vt 0.341610312461853 0.8897728323936462
vt 0.36279529333114624 0.9223949313163757
vt 0.33919331431388855 0.8987930417060852
vt 0.36279529333114624 0.9223949313163757
vt 0.341610312461853 0.8897728323936462
vt 0.3474871516227722 0.8825156092643738
vt 0.3558075726032257 0.8782761096954346
vt 0.36279529333114624 0.9223949313163757
vt 0.3474871516227722 0.8825156092643738
vt 0.36279529333114624 0.9223949313163757
vt 0.3558075726032257 0.8782761096954346
vt 0.3651331067085266 0.8777872920036316
vt 0.37385115027427673 0.8811339139938354
vt 0.36279529333114624 0.9223949313163757
vt 0.3651331067085266 0.8777872920036316
vt 0.36279529333114624 0.9223949313163757
vt 0.37385115027427673 0.8811339139938354
vt 0.3804543614387512 0.8877370953559875
vt 0.3838009238243103 0.8964551091194153
vt 0.36279529333114624 0.9223949313163757
vt 0.3804543614387512 0.8877370953559875
vt 0.36279529333114624 0.9223949313163757
vt 0.3838009238243103 0.8964551091194153
vt 0.3833121955394745 0.9057806134223938
vt 0.3790726363658905 0.9141011834144592
vt 0.36279529333114624 0.9223949313163757
vt 0.3833121955394745 0.9057806134223938
vt 0.36279529333114624 0.9223949313163757
vt 0.3790726363658905 0.9141011834144592
vt 0.37181544303894043 0.9199779629707336
vt 0.38194572925567627 0.8796426057815552
vt 0.3768596649169922 0.871810793876648
vt 0.3753988742828369 0.8625874519348145
vt 0.37781575322151184 0.8535673022270203
vt 0.38194572925567627 0.8796426057815552
vt 0.3753988742828369 0.8625874519348145
vt 0.38194572925567627 0.8796426057815552
vt 0.37781575322151184 0.8535673022270203
vt 0.38369250297546387 0.8463101387023926
vt 0.3920131325721741 0.8420707583427429
vt 0.38194572925567627 0.8796426057815552
vt 0.38369250297546387 0.8463101387023926
vt 0.38194572925567627 0.8796426057815552
vt 0.3920131325721741 0.8420707583427429
vt 0.40133848786354065 0.8415818810462952
vt 0.4100567102432251 0.844928503036499
vt 0.38194572925567627 0.8796426057815552
vt 0.40133848786354065 0.8415818810462952
vt 0.38194572925567627 0.8796426057815552
vt 0.4100567102432251 0.844928503036499
vt 0.41665977239608765 0.8515315651893616
vt 0.4200063943862915 0.8602497577667236
vt 0.38194572925567627 0.8796426057815552
vt 0.41665977239608765 0.8515315651893616
vt 0.38194572925567627 0.8796426057815552
vt 0.4200063943862915 0.8602497577667236
vt 0.4195175766944885 0.8695752024650574
vt 0.41527819633483887 0.877895712852478
vt 0.38194572925567627 0.8796426057815552
vt 0.4195175766944885 0.8695752024650574
vt 0.38194572925567627 0.8796426057815552
vt 0.41527819633483887 0.877895712852478
vt 0.40802088379859924 0.8837724328041077
vt 0.3990008234977722 0.8861894607543945
vt 0.38194572925567627 0.8796426057815552
vt 0.40802088379859924 0.8837724328041077
vt 0.38194572925567627 0.8796426057815552
vt 0.3990008234977722 0.8861894607543945
vt 0.38977742195129395 0.8847285509109497
vn 0.9136320384068942 0.40654212376636073 1.777051990618957e-8
vn 0.6691308439214523 0.7431446115750043 3.2483881349662076e-8
vn 0.6691308439214523 0.7431446115750043 3.2483881349662076e-8
vn 0.9136320384068942 0.40654212376636073 1.777051990618957e-8
vn 0.6691308439214523 0.7431446115750043 3.2483881349662076e-8
vn 0.9135460478724062 0.40673531739536345 1.7778964667576767e-8
vn 0.6691308439214523 0.7431446115750043 3.2483881349662076e-8
vn 0.3090172104800834 0.9510564460783104 4.157199590771848e-8
vn 0.3090172104800834 0.9510564460783104 4.157199590771848e-8
vn 0.6691308439214523 0.7431446115750043 3.2483881349662076e-8
vn 0.3090172104800834 0.9510564460783104 4.157199590771848e-8
vn 0.6691308439214523 0.7431446115750043 3.2483881349662076e-8
vn 0.3090172104800834 0.9510564460783104 4.157199590771848e-8
vn -0.1045283001072703 0.9945219125171061 4.347193171107868e-8
vn -0.1045283001072703 0.9945219125171061 4.347193171107868e-8
vn 0.3090172104800834 0.9510564460783104 4.157199590771848e-8
vn -0.1045283001072703 0.9945219125171061 4.347193171107868e-8
vn 0.3090172104800834 0.9510564460783104 4.157199590771848e-8
vn -0.1045283001072703 0.9945219125171061 4.347193171107868e-8
vn -0.499999862246664 0.8660254833163489 3.785517462908056e-8
vn -0.499999862246664 0.8660254833163489 3.785517462908056e-8
vn -0.1045283001072703 0.9945219125171061 4.347193171107868e-8
vn -0.499999862246664 0.8660254833163489 3.785517462908056e-8
vn -0.1045283001072703 0.9945219125171061 4.347193171107868e-8
vn -0.499999862246664 0.8660254833163489 3.785517462908056e-8
vn -0.8090168465990117 0.5877854556885452 2.5692917238782506e-8
vn -0.8090168465990117 0.5877854556885452 2.5692917238782506e-8
vn -0.499999862246664 0.8660254833163489 3.785517462908056e-8
vn -0.8090168465990117 0.5877854556885452 2.5692917238782506e-8
vn -0.499999862246664 0.8660254833163489 3.785517462908056e-8
vn -0.8090168465990117 0.5877854556885452 2.5692917238782506e-8
vn -0.9781475549506937 0.207911906210249 9.088117692466308e-9
vn -0.9781475549506937 0.207911906210249 9.088117692466308e-9
vn -0.8090168465990117 0.5877854556885452 2.5692917238782506e-8
vn -0.9781475549506937 0.207911906210249 9.088117692466308e-9
vn -0.8090168465990117 0.5877854556885452 2.5692917238782506e-8
vn -0.9781475549506937 0.207911906210249 9.088117692466308e-9
vn -0.9781476116210176 -0.20791163959744785 -9.088106038451108e-9
vn -0.9781476116210176 -0.20791163959744785 -9.088106038451108e-9
vn -0.9781475549506937 0.207911906210249 9.088117692466308e-9
vn -0.9781476116210176 -0.20791163959744785 -9.088106038451108e-9
vn -0.9781475549506937 0.207911906210249 9.088117692466308e-9
vn -0.9781476116210176 -0.20791163959744785 -9.088106038451108e-9
vn -0.8090170500961854 -0.5877851755987603 -2.569290499566966e-8
vn -0.8090170500961854 -0.5877851755987603 -2.569290499566966e-8
vn -0.9781476116210176 -0.20791163959744785 -9.088106038451108e-9
vn -0.8090170500961854 -0.5877851755987603 -2.569290499566966e-8
vn -0.9781476116210176 -0.20791163959744785 -9.088106038451108e-9
vn -0.8090170500961854 -0.5877851755987603 -2.569290499566966e-8
vn -0.4998155611241879 -0.8661318634354194 -3.785982465158227e-8
vn -0.4999987289748043 -0.8660261376099332 -3.7855203229160316e-8
vn -0.8090170500961854 -0.5877851755987603 -2.569290499566966e-8
vn -0.4999987289748043 -0.8660261376099332 -3.7855203229160316e-8
vn -0.8090170500961854 -0.5877851755987603 -2.569290499566966e-8
vn -0.4998155611241879 -0.8661318634354194 -3.785982465158227e-8
vn -0.1043163653707879 -0.9945441648895369 -4.3472904393130785e-8
vn -0.10452709625447537 -0.9945220390461971 -4.347193724184068e-8
vn -0.4998155611241879 -0.8661318634354194 -3.785982465158227e-8
vn -0.10452709625447537 -0.9945220390461971 -4.347193724184068e-8
vn -0.4999987289748043 -0.8660261376099332 -3.7855203229160316e-8
vn -0.1043163653707879 -0.9945441648895369 -4.3472904393130785e-8
vn 0.309016788615936 -0.9510565831502835 -4.157200189932449e-8
vn 0.309016788615936 -0.9510565831502835 -4.157200189932449e-8
vn -0.1043163653707879 -0.9945441648895369 -4.3472904393130785e-8
vn 0.309016788615936 -0.9510565831502835 -4.157200189932449e-8
vn -0.10452709625447537 -0.9945220390461971 -4.347193724184068e-8
vn 0.309016788615936 -0.9510565831502835 -4.157200189932449e-8
vn 0.6691305936951912 -0.7431448368798103 -3.248389119804753e-8
vn 0.6691305936951912 -0.7431448368798103 -3.248389119804753e-8
vn 0.309016788615936 -0.9510565831502835 -4.157200189932449e-8
vn 0.6691305936951912 -0.7431448368798103 -3.248389119804753e-8
vn 0.309016788615936 -0.9510565831502835 -4.157200189932449e-8
vn 0.6691305936951912 -0.7431448368798103 -3.248389119804753e-8
vn 0.9135454521622745 -0.4067366553848142 -1.777902315146531e-8
vn 0.9135454521622745 -0.4067366553848142 -1.777902315146531e-8
vn 0.6691305936951912 -0.7431448368798103 -3.248389119804753e-8
vn 0.9135454521622745 -0.4067366553848142 -1.777902315146531e-8
vn 0.6691305936951912 -0.7431448368798103 -3.248389119804753e-8
vn 0.9135454521622745 -0.4067366553848142 -1.777902315146531e-8
vn 0.9999999772450009 -0.00021333072314755162 -9.32498021005598e-12
vn 0.9999999999989617 -0.0000014409802133726333 -6.2985757594046e-14
vn 0.9135454521622745 -0.4067366553848142 -1.777902315146531e-8
vn 0.9999999999989617 -0.0000014409802133726333 -6.2985757594046e-14
vn 0.9135454521622745 -0.4067366553848142 -1.777902315146531e-8
vn 0.9999999772450009 -0.00021333072314755162 -9.32498021005598e-12
vn 0.9136320384068942 0.40654212376636073 1.777051990618957e-8
vn 0.9135460478724062 0.40673531739536345 1.7778964667576767e-8
vn 0.9999999772450009 -0.00021333072314755162 -9.32498021005598e-12
vn 0.9135460478724062 0.40673531739536345 1.7778964667576767e-8
vn 0.9999999999989617 -0.0000014409802133726333 -6.2985757594046e-14
vn -0.00028271091482247204 0.0003146551404052946 -0.9999999105333366
vn -0.0002827109149902643 0.000314655155690348 -0.9999999105333316
vn -0.000282710897803792 0.0003146551404052961 -0.9999999105333415
vn -0.0002827109149902643 0.000314655155690348 -0.9999999105333316
vn -0.00028271091482247204 0.0003146551404052946 -0.9999999105333366
vn -0.000282710897803792 0.0003146551404052961 -0.9999999105333415
vn -0.00028271091482247204 0.0003146551404052946 -0.9999999105333366
vn -0.0002827109149902643 0.000314655155690348 -0.9999999105333316
vn -0.00028271091482247204 0.0003146551404052946 -0.9999999105333366
vn -0.00028271091482247204 0.0003146551404052946 -0.9999999105333366
vn -0.00028271091482247204 0.0003146551404052946 -0.9999999105333366
vn -0.00028271091482247204 0.0003146551404052946 -0.9999999105333366
vn -0.00028271091482247204 0.0003146551404052946 -0.9999999105333366
vn -0.00028271091482247204 0.0003146551404052946 -0.9999999105333366
vn -0.000282710897803792 0.0003146551404052961 -0.9999999105333415
vn -0.0002827109149902643 0.000314655155690348 -0.9999999105333316
vn -0.00028271091482247204 0.0003146551404052946 -0.9999999105333366
vn -0.000282710897803792 0.0003146551404052961 -0.9999999105333415
vn -0.00028271091482247204 0.0003146551404052946 -0.9999999105333366
vn -0.0002827109149902643 0.000314655155690348 -0.9999999105333316
vn -0.00028271091482247204 0.0003146551404052946 -0.9999999105333366
vn -0.00028271091482247204 0.0003146551404052946 -0.9999999105333366
vn -0.00028271091482247204 0.0003146551404052946 -0.9999999105333366
vn -0.00028271091482247204 0.0003146551404052946 -0.9999999105333366
vn -0.00028271091482247204 0.0003146551404052946 -0.9999999105333366
vn -0.00028271091482247204 0.0003146551404052946 -0.9999999105333366
vn -0.0002827109320089434 0.00031465515569034647 -0.9999999105333269
vn -0.0002827109149902643 0.000314655155690348 -0.9999999105333316
vn -0.00028271091482247204 0.0003146551404052946 -0.9999999105333366
vn -0.0002827109320089434 0.00031465515569034647 -0.9999999105333269
vn -0.00028271091482247204 0.0003146551404052946 -0.9999999105333366
vn -0.0002827109149902643 0.000314655155690348 -0.9999999105333316
vn -0.0002827109320089434 0.00031465515569034647 -0.9999999105333269
vn -0.00028271091482247204 0.0003146551404052946 -0.9999999105333366
vn -0.00028271091482247204 0.0003146551404052946 -0.9999999105333366
vn -0.0002827109320089434 0.00031465515569034647 -0.9999999105333269
vn -0.00028271091482247204 0.0003146551404052946 -0.9999999105333366
vn -0.00028271091482247204 0.0003146551404052946 -0.9999999105333366
vn -0.00028271091482247204 0.0003146551404052946 -0.9999999105333366
vn 0 1.0123744935464306e-7 0.9999999999999949
vn 0 1.0123744935464306e-7 0.9999999999999949
vn 0 1.0123744935464306e-7 0.9999999999999949
vn 0 1.0123744935464306e-7 0.9999999999999949
vn 0 1.0123744935464306e-7 0.9999999999999949
vn 0 1.0123744935464306e-7 0.9999999999999949
vn 0 1.0123744935464306e-7 0.9999999999999949
vn 0 1.0123744935464306e-7 0.9999999999999949
vn 0 1.0123744935464306e-7 0.9999999999999949
vn 0 1.0123744935464306e-7 0.9999999999999949
vn 0 1.0123744935464306e-7 0.9999999999999949
vn 0 1.0123744935464306e-7 0.9999999999999949
vn 0 1.0123744935464306e-7 0.9999999999999949
vn 0 1.0123744935464306e-7 0.9999999999999949
vn 0 1.0123744935464306e-7 0.9999999999999949
vn 0 1.0123744935464306e-7 0.9999999999999949
vn 0 1.0123744935464306e-7 0.9999999999999949
vn 0 1.0123744935464306e-7 0.9999999999999949
vn 0 1.0123744935464306e-7 0.9999999999999949
vn 0 1.0123744935464306e-7 0.9999999999999949
vn 0 1.0123744935464306e-7 0.9999999999999949
vn 0 1.0123744935464306e-7 0.9999999999999949
vn 0 1.0123744935464306e-7 0.9999999999999949
vn 0 1.0123744935464306e-7 0.9999999999999949
vn 0 1.0123744935464306e-7 0.9999999999999949
vn 0 1.0123744935464306e-7 0.9999999999999949
vn 0 1.0123744935464306e-7 0.9999999999999949
vn 0 1.0123744935464306e-7 0.9999999999999949
vn 0 1.0123744935464306e-7 0.9999999999999949
vn 0 1.0123744935464306e-7 0.9999999999999949
vn 0 1.0123744935464306e-7 0.9999999999999949
vn 0 1.0123744935464306e-7 0.9999999999999949
vn 0 1.0123744935464306e-7 0.9999999999999949
vn 0 1.0123744935464306e-7 0.9999999999999949
vn 0 1.0123744935464306e-7 0.9999999999999949
vn 0 1.0123744935464306e-7 0.9999999999999949
vn 0 1.0123744935464306e-7 0.9999999999999949
vn 0 1.0123744935464306e-7 0.9999999999999949
vn 0 1.0123744935464306e-7 0.9999999999999949
f 673/673/673 674/674/674 675/675/675
f 676/676/676 677/677/677 678/678/678
f 679/679/679 680/680/680 681/681/681
f 682/682/682 683/683/683 684/684/684
f 685/685/685 686/686/686 687/687/687
f 688/688/688 689/689/689 690/690/690
f 691/691/691 692/692/692 693/693/693
f 694/694/694 695/695/695 696/696/696
f 697/697/697 698/698/698 699/699/699
f 700/700/700 701/701/701 702/702/702
f 703/703/703 704/704/704 705/705/705
f 706/706/706 707/707/707 708/708/708
f 709/709/709 710/710/710 711/711/711
f 712/712/712 713/713/713 714/714/714
f 715/715/715 716/716/716 717/717/717
f 718/718/718 719/719/719 720/720/720
f 721/721/721 722/722/722 723/723/723
f 724/724/724 725/725/725 726/726/726
f 727/727/727 728/728/728 729/729/729
f 730/730/730 731/731/731 732/732/732
f 733/733/733 734/734/734 735/735/735
f 736/736/736 737/737/737 738/738/738
f 739/739/739 740/740/740 741/741/741
f 742/742/742 743/743/743 744/744/744
f 745/745/745 746/746/746 747/747/747
f 748/748/748 749/749/749 750/750/750
f 751/751/751 752/752/752 753/753/753
f 754/754/754 755/755/755 756/756/756
f 757/757/757 758/758/758 759/759/759
f 760/760/760 761/761/761 762/762/762
f 763/763/763 764/764/764 765/765/765
f 766/766/766 767/767/767 768/768/768
f 769/769/769 770/770/770 771/771/771
f 772/772/772 773/773/773 774/774/774
f 775/775/775 776/776/776 777/777/777
f 778/778/778 779/779/779 780/780/780
f 781/781/781 782/782/782 783/783/783
f 784/784/784 785/785/785 786/786/786
f 787/787/787 788/788/788 789/789/789
f 790/790/790 791/791/791 792/792/792
f 793/793/793 794/794/794 795/795/795
f 796/796/796 797/797/797 798/798/798
f 799/799/799 800/800/800 801/801/801
f 802/802/802 803/803/803 804/804/804
f 805/805/805 806/806/806 807/807/807
f 808/808/808 809/809/809 810/810/810
f 811/811/811 812/812/812 813/813/813
f 814/814/814 815/815/815 816/816/816
f 817/817/817 818/818/818 819/819/819
f 820/820/820 821/821/821 822/822/822
f 823/823/823 824/824/824 825/825/825
f 826/826/826 827/827/827 828/828/828
f 829/829/829 830/830/830 831/831/831
f 832/832/832 833/833/833 834/834/834
f 835/835/835 836/836/836 837/837/837
f 838/838/838 839/839/839 840/840/840
o stair5
usemtl Roof
v 0.10579600391854171 7.52054552992506 0.0006524589137633097
v 0.0774907925119912 7.559504347108977 0.0006524606167073177
v 0.0774907925119912 7.5595042158236385 3.0041110239346844
v 0.10579600391854171 7.52054552992506 0.0006524589137633097
v 0.0774907925119912 7.5595042158236385 3.0041110239346844
v 0.10579600391854171 7.5205453986397215 3.00411102223174
v 0.0774907925119912 7.559504347108977 0.0006524606167073177
v 0.035786705160942844 7.583582229132796 0.0006524616691847562
v 0.035786705160942844 7.583582097847458 3.0041110249871616
v 0.0774907925119912 7.559504347108977 0.0006524606167073177
v 0.035786705160942844 7.583582097847458 3.0041110249871616
v 0.0774907925119912 7.5595042158236385 3.0041110239346844
v 0.035786705160942844 7.583582229132796 0.0006524616691847562
v -0.012105228424244219 7.588615883648492 0.0006524618892127521
v -0.012105228424244219 7.588615752363154 3.0041110252071896
v 0.035786705160942844 7.583582229132796 0.0006524616691847562
v -0.012105228424244219 7.588615752363154 3.0041110252071896
v 0.035786705160942844 7.583582097847458 3.0041110249871616
v -0.012105228424244219 7.588615883648492 0.0006524618892127521
v -0.05790405880871674 7.573734951561631 0.0006524612387466266
v -0.05790405880871674 7.573734820276293 3.0041110245567237
v -0.012105228424244219 7.588615883648492 0.0006524618892127521
v -0.05790405880871674 7.573734820276293 3.0041110245567237
v -0.012105228424244219 7.588615752363154 3.0041110252071896
v -0.05790405880871674 7.573734951561631 0.0006524612387466266
v -0.09369074553023893 7.541512475777171 0.0006524598302575235
v -0.09369074553023893 7.541512344491833 3.0041110231482344
v -0.05790405880871674 7.573734951561631 0.0006524612387466266
v -0.09369074553023893 7.541512344491833 3.0041110231482344
v -0.05790405880871674 7.573734820276293 3.0041110245567237
v -0.09369074553023893 7.541512475777171 0.0006524598302575235
v -0.11327746694056628 7.497520024053597 0.0006524579072864078
v -0.11327746694056628 7.497519892768259 3.0041110212252633
v -0.09369074553023893 7.541512475777171 0.0006524598302575235
v -0.11327746694056628 7.497519892768259 3.0041110212252633
v -0.09369074553023893 7.541512344491833 3.0041110231482344
v -0.11327746694056628 7.497520024053597 0.0006524579072864078
v -0.11327746694056628 7.449364284591852 0.000652455802332419
v -0.11327746694056628 7.449364153306514 3.0041110191203093
v -0.11327746694056628 7.497520024053597 0.0006524579072864078
v -0.11327746694056628 7.449364153306514 3.0041110191203093
v -0.11327746694056628 7.497519892768259 3.0041110212252633
v -0.11327746694056628 7.449364284591852 0.000652455802332419
v -0.09369077011613314 7.405371823648569 0.0006524538793608592
v -0.09369077011613314 7.4053716923632305 3.0041110171973378
v -0.11327746694056628 7.449364284591852 0.000652455802332419
v -0.09369077011613314 7.4053716923632305 3.0041110171973378
v -0.11327746694056628 7.449364153306514 3.0041110191203093
v -0.09369077011613314 7.405371823648569 0.0006524538793608592
v -0.05790408339461095 7.373149341717635 0.000652452470871534
v -0.05790408339461095 7.373149210432297 3.0041110157888484
v -0.09369077011613314 7.405371823648569 0.0006524538793608592
v -0.05790408339461095 7.373149210432297 3.0041110157888484
v -0.09369077011613314 7.4053716923632305 3.0041110171973378
v -0.05790408339461095 7.373149341717635 0.000652452470871534
v -0.012105256083375204 7.358268403488152 0.00056435089766671
v -0.012105256083375204 7.358268272198963 3.004111015138382
v -0.05790408339461095 7.373149341717635 0.000652452470871534
v -0.012105256083375204 7.358268272198963 3.004111015138382
v -0.05790408339461095 7.373149210432297 3.0041110157888484
v -0.012105256083375204 7.358268403488152 0.00056435089766671
v 0.03578668672152219 7.363302033417954 0.0005643511176935956
v 0.03578668672152219 7.3633019021287645 3.0041110153584087
v -0.012105256083375204 7.358268403488152 0.00056435089766671
v 0.03578668672152219 7.3633019021287645 3.0041110153584087
v -0.012105256083375204 7.358268272198963 3.004111015138382
v 0.03578668672152219 7.363302033417954 0.0005643511176935956
v 0.07749078636551765 7.387379903148826 0.00056435217017059
v 0.07749078636551765 7.387379771859637 3.004111016410886
v 0.03578668672152219 7.363302033417954 0.0005643511176935956
v 0.07749078636551765 7.387379771859637 3.004111016410886
v 0.03578668672152219 7.3633019021287645 3.0041110153584087
v 0.07749078636551765 7.387379903148826 0.00056435217017059
v 0.10579601621148882 7.426338717259506 0.000564353873114376
v 0.10579601621148882 7.426338585970317 3.0041110181138295
v 0.07749078636551765 7.387379903148826 0.00056435217017059
v 0.10579601621148882 7.426338585970317 3.0041110181138295
v 0.07749078636551765 7.387379771859637 3.004111016410886
v 0.10579601621148882 7.426338717259506 0.000564353873114376
v 0.1158081667892219 7.473442143570248 0.0005643559320704927
v 0.1158081667892219 7.473442012281058 3.004111020172786
v 0.10579601621148882 7.426338717259506 0.000564353873114376
v 0.1158081667892219 7.473442012281058 3.004111020172786
v 0.10579601621148882 7.426338585970317 3.0041110181138295
v 0.1158081667892219 7.473442143570248 0.0005643559320704927
v 0.10579600391854171 7.52054552992506 0.0006524589137633097
v 0.10579600391854171 7.5205453986397215 3.00411102223174
v 0.1158081667892219 7.473442143570248 0.0005643559320704927
v 0.10579600391854171 7.5205453986397215 3.00411102223174
v 0.1158081667892219 7.473442012281058 3.004111020172786
v 0.0774907925119912 7.559504347108977 0.0006524606167073177
v 0.10579600391854171 7.52054552992506 0.0006524589137633097
v 0.1158081667892219 7.473442143570248 0.0005643559320704927
v 0.10579601621148882 7.426338717259506 0.000564353873114376
v 0.0774907925119912 7.559504347108977 0.0006524606167073177
v 0.1158081667892219 7.473442143570248 0.0005643559320704927
v 0.0774907925119912 7.559504347108977 0.0006524606167073177
v 0.10579601621148882 7.426338717259506 0.000564353873114376
v 0.07749078636551765 7.387379903148826 0.00056435217017059
v 0.03578668672152219 7.363302033417954 0.0005643511176935956
v 0.0774907925119912 7.559504347108977 0.0006524606167073177
v 0.07749078636551765 7.387379903148826 0.00056435217017059
v 0.0774907925119912 7.559504347108977 0.0006524606167073177
v 0.03578668672152219 7.363302033417954 0.0005643511176935956
v -0.012105256083375204 7.358268403488152 0.00056435089766671
v -0.05790408339461095 7.373149341717635 0.000652452470871534
v 0.0774907925119912 7.559504347108977 0.0006524606167073177
v -0.012105256083375204 7.358268403488152 0.00056435089766671
v 0.0774907925119912 7.559504347108977 0.0006524606167073177
v -0.05790408339461095 7.373149341717635 0.000652452470871534
v -0.09369077011613314 7.405371823648569 0.0006524538793608592
v -0.11327746694056628 7.449364284591852 0.000652455802332419
v 0.0774907925119912 7.559504347108977 0.0006524606167073177
v -0.09369077011613314 7.405371823648569 0.0006524538793608592
v 0.0774907925119912 7.559504347108977 0.0006524606167073177
v -0.11327746694056628 7.449364284591852 0.000652455802332419
v -0.11327746694056628 7.497520024053597 0.0006524579072864078
v -0.09369074553023893 7.541512475777171 0.0006524598302575235
v 0.0774907925119912 7.559504347108977 0.0006524606167073177
v -0.11327746694056628 7.497520024053597 0.0006524579072864078
v 0.0774907925119912 7.559504347108977 0.0006524606167073177
v -0.09369074553023893 7.541512475777171 0.0006524598302575235
v -0.05790405880871674 7.573734951561631 0.0006524612387466266
v -0.012105228424244219 7.588615883648492 0.0006524618892127521
v 0.0774907925119912 7.559504347108977 0.0006524606167073177
v -0.05790405880871674 7.573734951561631 0.0006524612387466266
v 0.0774907925119912 7.559504347108977 0.0006524606167073177
v -0.012105228424244219 7.588615883648492 0.0006524618892127521
v 0.035786705160942844 7.583582229132796 0.0006524616691847562
v 0.1158081667892219 7.473442012281058 3.004111020172786
v 0.10579600391854171 7.5205453986397215 3.00411102223174
v 0.0774907925119912 7.5595042158236385 3.0041110239346844
v 0.035786705160942844 7.583582097847458 3.0041110249871616
v 0.1158081667892219 7.473442012281058 3.004111020172786
v 0.0774907925119912 7.5595042158236385 3.0041110239346844
v 0.1158081667892219 7.473442012281058 3.004111020172786
v 0.035786705160942844 7.583582097847458 3.0041110249871616
v -0.012105228424244219 7.588615752363154 3.0041110252071896
v -0.05790405880871674 7.573734820276293 3.0041110245567237
v 0.1158081667892219 7.473442012281058 3.004111020172786
v -0.012105228424244219 7.588615752363154 3.0041110252071896
v 0.1158081667892219 7.473442012281058 3.004111020172786
v -0.05790405880871674 7.573734820276293 3.0041110245567237
v -0.09369074553023893 7.541512344491833 3.0041110231482344
v -0.11327746694056628 7.497519892768259 3.0041110212252633
v 0.1158081667892219 7.473442012281058 3.004111020172786
v -0.09369074553023893 7.541512344491833 3.0041110231482344
v 0.1158081667892219 7.473442012281058 3.004111020172786
v -0.11327746694056628 7.497519892768259 3.0041110212252633
v -0.11327746694056628 7.449364153306514 3.0041110191203093
v -0.09369077011613314 7.4053716923632305 3.0041110171973378
v 0.1158081667892219 7.473442012281058 3.004111020172786
v -0.11327746694056628 7.449364153306514 3.0041110191203093
v 0.1158081667892219 7.473442012281058 3.004111020172786
v -0.09369077011613314 7.4053716923632305 3.0041110171973378
v -0.05790408339461095 7.373149210432297 3.0041110157888484
v -0.012105256083375204 7.358268272198963 3.004111015138382
v 0.1158081667892219 7.473442012281058 3.004111020172786
v -0.05790408339461095 7.373149210432297 3.0041110157888484
v 0.1158081667892219 7.473442012281058 3.004111020172786
v -0.012105256083375204 7.358268272198963 3.004111015138382
v 0.03578668672152219 7.3633019021287645 3.0041110153584087
v 0.07749078636551765 7.387379771859637 3.004111016410886
v 0.1158081667892219 7.473442012281058 3.004111020172786
v 0.03578668672152219 7.3633019021287645 3.0041110153584087
v 0.1158081667892219 7.473442012281058 3.004111020172786
v 0.07749078636551765 7.387379771859637 3.004111016410886
v 0.10579601621148882 7.426338585970317 3.0041110181138295
vt -0.19633284211158752 0.08092749118804932
vt -0.1924516260623932 0.0770462155342102
vt 0.5118377804756165 0.781335711479187
vt -0.19633284211158752 0.08092749118804932
vt 0.5118377804756165 0.781335711479187
vt 0.5079566240310669 0.7852169275283813
vt -0.1924516260623932 0.0770462155342102
vt -0.18673312664031982 0.07132768630981445
vt 0.517556369304657 0.7756171822547913
vt -0.1924516260623932 0.0770462155342102
vt 0.517556369304657 0.7756171822547913
vt 0.5118377804756165 0.781335711479187
vt -0.18673312664031982 0.07132768630981445
vt -0.1801661252975464 0.06476068496704102
vt 0.5241233706474304 0.769050121307373
vt -0.18673312664031982 0.07132768630981445
vt 0.5241233706474304 0.769050121307373
vt 0.517556369304657 0.7756171822547913
vt -0.1801661252975464 0.06476068496704102
vt -0.17388609051704407 0.05848062038421631
vt 0.5304033160209656 0.7627701759338379
vt -0.1801661252975464 0.06476068496704102
vt 0.5304033160209656 0.7627701759338379
vt 0.5241233706474304 0.769050121307373
vt -0.17388609051704407 0.05848062038421631
vt -0.16897892951965332 0.053573548793792725
vt 0.5353105068206787 0.7578630447387695
vt -0.17388609051704407 0.05848062038421631
vt 0.5353105068206787 0.7578630447387695
vt 0.5304033160209656 0.7627701759338379
vt 0.5028549432754517 0.7903188467025757
vt 0.4968227744102478 0.7963510751724243
vt -0.207466721534729 0.09206169843673706
vt 0.5028549432754517 0.7903188467025757
vt -0.207466721534729 0.09206169843673706
vt -0.2014344036579132 0.08602941036224365
vt 0.4968227744102478 0.7963510751724243
vt 0.4902195334434509 0.8029543161392212
vt -0.21406984329223633 0.09866493940353394
vt 0.4968227744102478 0.7963510751724243
vt -0.21406984329223633 0.09866493940353394
vt -0.207466721534729 0.09206169843673706
vt 0.4902195334434509 0.8029543161392212
vt 0.48418721556663513 0.8089866042137146
vt -0.2201022207736969 0.10469722747802734
vt 0.4902195334434509 0.8029543161392212
vt -0.2201022207736969 0.10469722747802734
vt -0.21406984329223633 0.09866493940353394
vt 0.48418721556663513 0.8089866042137146
vt 0.4797687828540802 0.8134050369262695
vt -0.22452059388160706 0.10911566019058228
vt 0.48418721556663513 0.8089866042137146
vt -0.22452059388160706 0.10911566019058228
vt -0.2201022207736969 0.10469722747802734
vt 0.4744078814983368 0.8187659382820129
vt 0.4650484025478363 0.8219665288925171
vt -0.23616153001785278 0.12075662612915039
vt 0.4744078814983368 0.8187659382820129
vt -0.23616153001785278 0.12075662612915039
vt -0.22988149523735046 0.11447656154632568
vt 0.4650484025478363 0.8219665288925171
vt 0.45848143100738525 0.8285335302352905
vt -0.24272853136062622 0.12732362747192383
vt 0.4650484025478363 0.8219665288925171
vt -0.24272853136062622 0.12732362747192383
vt -0.23616153001785278 0.12075662612915039
vt 0.45848143100738525 0.8285335302352905
vt 0.4527628719806671 0.834252119064331
vt -0.24844709038734436 0.1330420970916748
vt 0.45848143100738525 0.8285335302352905
vt -0.24844709038734436 0.1330420970916748
vt -0.24272853136062622 0.12732362747192383
vt 0.4527628719806671 0.834252119064331
vt 0.44888171553611755 0.8381332159042358
vt -0.2523282766342163 0.13692325353622437
vt 0.4527628719806671 0.834252119064331
vt -0.2523282766342163 0.13692325353622437
vt -0.24844709038734436 0.1330420970916748
vt 0.4441744089126587 0.8428406715393066
vt 0.4377155005931854 0.8492995500564575
vt -0.26349449157714844 0.14808958768844604
vt 0.4441744089126587 0.8428406715393066
vt -0.26349449157714844 0.14808958768844604
vt -0.25703561305999756 0.14163070917129517
vt 0.4377155005931854 0.8492995500564575
vt 0.43433600664138794 0.8588377833366394
vt -0.2699533700942993 0.15454846620559692
vt 0.4377155005931854 0.8492995500564575
vt -0.2699533700942993 0.15454846620559692
vt -0.26349449157714844 0.14808958768844604
vt 0.36279529333114624 0.9223949313163757
vt 0.3535720109939575 0.9209340810775757
vt 0.34574025869369507 0.9158480167388916
vt 0.34065425395965576 0.9080163240432739
vt 0.36279529333114624 0.9223949313163757
vt 0.34574025869369507 0.9158480167388916
vt 0.36279529333114624 0.9223949313163757
vt 0.34065425395965576 0.9080163240432739
vt 0.33919331431388855 0.8987930417060852
vt 0.341610312461853 0.8897728323936462
vt 0.36279529333114624 0.9223949313163757
vt 0.33919331431388855 0.8987930417060852
vt 0.36279529333114624 0.9223949313163757
vt 0.341610312461853 0.8897728323936462
vt 0.3474871516227722 0.8825156092643738
vt 0.3558075726032257 0.8782761096954346
vt 0.36279529333114624 0.9223949313163757
vt 0.3474871516227722 0.8825156092643738
vt 0.36279529333114624 0.9223949313163757
vt 0.3558075726032257 0.8782761096954346
vt 0.3651331067085266 0.8777872920036316
vt 0.37385115027427673 0.8811339139938354
vt 0.36279529333114624 0.9223949313163757
vt 0.3651331067085266 0.8777872920036316
vt 0.36279529333114624 0.9223949313163757
vt 0.37385115027427673 0.8811339139938354
vt 0.3804543614387512 0.8877370953559875
vt 0.3838009238243103 0.8964551091194153
vt 0.36279529333114624 0.9223949313163757
vt 0.3804543614387512 0.8877370953559875
vt 0.36279529333114624 0.9223949313163757
vt 0.3838009238243103 0.8964551091194153
vt 0.3833121955394745 0.9057806134223938
vt 0.3790726363658905 0.9141011834144592
vt 0.36279529333114624 0.9223949313163757
vt 0.3833121955394745 0.9057806134223938
vt 0.36279529333114624 0.9223949313163757
vt 0.3790726363658905 0.9141011834144592
vt 0.37181544303894043 0.9199779629707336
vt 0.38194572925567627 0.8796426057815552
vt 0.3768596649169922 0.871810793876648
vt 0.3753988742828369 0.8625874519348145
vt 0.37781575322151184 0.8535673022270203
vt 0.38194572925567627 0.8796426057815552
vt 0.3753988742828369 0.8625874519348145
vt 0.38194572925567627 0.8796426057815552
vt 0.37781575322151184 0.8535673022270203
vt 0.38369250297546387 0.8463101387023926
vt 0.3920131325721741 0.8420707583427429
vt 0.38194572925567627 0.8796426057815552
vt 0.38369250297546387 0.8463101387023926
vt 0.38194572925567627 0.8796426057815552
vt 0.3920131325721741 0.8420707583427429
vt 0.40133848786354065 0.8415818810462952
vt 0.4100567102432251 0.844928503036499
vt 0.38194572925567627 0.8796426057815552
vt 0.40133848786354065 0.8415818810462952
vt 0.38194572925567627 0.8796426057815552
vt 0.4100567102432251 0.844928503036499
vt 0.41665977239608765 0.8515315651893616
vt 0.4200063943862915 0.8602497577667236
vt 0.38194572925567627 0.8796426057815552
vt 0.41665977239608765 0.8515315651893616
vt 0.38194572925567627 0.8796426057815552
vt 0.4200063943862915 0.8602497577667236
vt 0.4195175766944885 0.8695752024650574
vt 0.41527819633483887 0.877895712852478
vt 0.38194572925567627 0.8796426057815552
vt 0.4195175766944885 0.8695752024650574
vt 0.38194572925567627 0.8796426057815552
vt 0.41527819633483887 0.877895712852478
vt 0.40802088379859924 0.8837724328041077
vt 0.3990008234977722 0.8861894607543945
vt 0.38194572925567627 0.8796426057815552
vt 0.40802088379859924 0.8837724328041077
vt 0.38194572925567627 0.8796426057815552
vt 0.3990008234977722 0.8861894607543945
vt 0.38977742195129395 0.8847285509109497
vn 0.9136320384068942 0.40654212376636073 1.777051990618957e-8
vn 0.6691308439214523 0.7431446115750043 3.2483881349662076e-8
vn 0.6691308439214523 0.7431446115750043 3.2483881349662076e-8
vn 0.9136320384068942 0.40654212376636073 1.777051990618957e-8
vn 0.6691308439214523 0.7431446115750043 3.2483881349662076e-8
vn 0.9135460478724062 0.40673531739536345 1.7778964667576767e-8
vn 0.6691308439214523 0.7431446115750043 3.2483881349662076e-8
vn 0.3090172104800834 0.9510564460783104 4.157199590771848e-8
vn 0.3090172104800834 0.9510564460783104 4.157199590771848e-8
vn 0.6691308439214523 0.7431446115750043 3.2483881349662076e-8
vn 0.3090172104800834 0.9510564460783104 4.157199590771848e-8
vn 0.6691308439214523 0.7431446115750043 3.2483881349662076e-8
vn 0.3090172104800834 0.9510564460783104 4.157199590771848e-8
vn -0.1045283001072703 0.9945219125171061 4.347193171107868e-8
vn -0.1045283001072703 0.9945219125171061 4.347193171107868e-8
vn 0.3090172104800834 0.9510564460783104 4.157199590771848e-8
vn -0.1045283001072703 0.9945219125171061 4.347193171107868e-8
vn 0.3090172104800834 0.9510564460783104 4.157199590771848e-8
vn -0.1045283001072703 0.9945219125171061 4.347193171107868e-8
vn -0.499999862246664 0.8660254833163489 3.785517462908056e-8
vn -0.499999862246664 0.8660254833163489 3.785517462908056e-8
vn -0.1045283001072703 0.9945219125171061 4.347193171107868e-8
vn -0.499999862246664 0.8660254833163489 3.785517462908056e-8
vn -0.1045283001072703 0.9945219125171061 4.347193171107868e-8
vn -0.499999862246664 0.8660254833163489 3.785517462908056e-8
vn -0.8090168465990117 0.5877854556885452 2.5692917238782506e-8
vn -0.8090168465990117 0.5877854556885452 2.5692917238782506e-8
vn -0.499999862246664 0.8660254833163489 3.785517462908056e-8
vn -0.8090168465990117 0.5877854556885452 2.5692917238782506e-8
vn -0.499999862246664 0.8660254833163489 3.785517462908056e-8
vn -0.8090168465990117 0.5877854556885452 2.5692917238782506e-8
vn -0.9781475549506937 0.207911906210249 9.088117692466308e-9
vn -0.9781475549506937 0.207911906210249 9.088117692466308e-9
vn -0.8090168465990117 0.5877854556885452 2.5692917238782506e-8
vn -0.9781475549506937 0.207911906210249 9.088117692466308e-9
vn -0.8090168465990117 0.5877854556885452 2.5692917238782506e-8
vn -0.9781475549506937 0.207911906210249 9.088117692466308e-9
vn -0.9781476116210176 -0.20791163959744785 -9.088106038451108e-9
vn -0.9781476116210176 -0.20791163959744785 -9.088106038451108e-9
vn -0.9781475549506937 0.207911906210249 9.088117692466308e-9
vn -0.9781476116210176 -0.20791163959744785 -9.088106038451108e-9
vn -0.9781475549506937 0.207911906210249 9.088117692466308e-9
vn -0.9781476116210176 -0.20791163959744785 -9.088106038451108e-9
vn -0.8090170500961854 -0.5877851755987603 -2.569290499566966e-8
vn -0.8090170500961854 -0.5877851755987603 -2.569290499566966e-8
vn -0.9781476116210176 -0.20791163959744785 -9.088106038451108e-9
vn -0.8090170500961854 -0.5877851755987603 -2.569290499566966e-8
vn -0.9781476116210176 -0.20791163959744785 -9.088106038451108e-9
vn -0.8090170500961854 -0.5877851755987603 -2.569290499566966e-8
vn -0.4998155611241879 -0.8661318634354194 -3.785982465158227e-8
vn -0.4999987289748043 -0.8660261376099332 -3.7855203229160316e-8
vn -0.8090170500961854 -0.5877851755987603 -2.569290499566966e-8
vn -0.4999987289748043 -0.8660261376099332 -3.7855203229160316e-8
vn -0.8090170500961854 -0.5877851755987603 -2.569290499566966e-8
vn -0.4998155611241879 -0.8661318634354194 -3.785982465158227e-8
vn -0.1043163653707879 -0.9945441648895369 -4.3472904393130785e-8
vn -0.10452709625447537 -0.9945220390461971 -4.347193724184068e-8
vn -0.4998155611241879 -0.8661318634354194 -3.785982465158227e-8
vn -0.10452709625447537 -0.9945220390461971 -4.347193724184068e-8
vn -0.4999987289748043 -0.8660261376099332 -3.7855203229160316e-8
vn -0.1043163653707879 -0.9945441648895369 -4.3472904393130785e-8
vn 0.309016788615936 -0.9510565831502835 -4.157200189932449e-8
vn 0.309016788615936 -0.9510565831502835 -4.157200189932449e-8
vn -0.1043163653707879 -0.9945441648895369 -4.3472904393130785e-8
vn 0.309016788615936 -0.9510565831502835 -4.157200189932449e-8
vn -0.10452709625447537 -0.9945220390461971 -4.347193724184068e-8
vn 0.309016788615936 -0.9510565831502835 -4.157200189932449e-8
vn 0.6691305936951912 -0.7431448368798103 -3.248389119804753e-8
vn 0.6691305936951912 -0.7431448368798103 -3.248389119804753e-8
vn 0.309016788615936 -0.9510565831502835 -4.157200189932449e-8
vn 0.6691305936951912 -0.7431448368798103 -3.248389119804753e-8
vn 0.309016788615936 -0.9510565831502835 -4.157200189932449e-8
vn 0.6691305936951912 -0.7431448368798103 -3.248389119804753e-8
vn 0.9135454521622745 -0.4067366553848142 -1.777902315146531e-8
vn 0.9135454521622745 -0.4067366553848142 -1.777902315146531e-8
vn 0.6691305936951912 -0.7431448368798103 -3.248389119804753e-8
vn 0.9135454521622745 -0.4067366553848142 -1.777902315146531e-8
vn 0.6691305936951912 -0.7431448368798103 -3.248389119804753e-8
vn 0.9135454521622745 -0.4067366553848142 -1.777902315146531e-8
vn 0.9999999772450009 -0.00021333072314755162 -9.32498021005598e-12
vn 0.9999999999989617 -0.0000014409802133726333 -6.2985757594046e-14
vn 0.9135454521622745 -0.4067366553848142 -1.777902315146531e-8
vn 0.9999999999989617 -0.0000014409802133726333 -6.2985757594046e-14
vn 0.9135454521622745 -0.4067366553848142 -1.777902315146531e-8
vn 0.9999999772450009 -0.00021333072314755162 -9.32498021005598e-12
vn 0.9136320384068942 0.40654212376636073 1.777051990618957e-8
vn 0.9135460478724062 0.40673531739536345 1.7778964667576767e-8
vn 0.9999999772450009 -0.00021333072314755162 -9.32498021005598e-12
vn 0.9135460478724062 0.40673531739536345 1.7778964667576767e-8
vn 0.9999999999989617 -0.0000014409802133726333 -6.2985757594046e-14
vn -0.00028271091482247204 0.0003146551404052946 -0.9999999105333366
vn -0.0002827109149902643 0.000314655155690348 -0.9999999105333316
vn -0.000282710897803792 0.0003146551404052961 -0.9999999105333415
vn -0.0002827109149902643 0.000314655155690348 -0.9999999105333316
vn -0.00028271091482247204 0.0003146551404052946 -0.9999999105333366
vn -0.000282710897803792 0.0003146551404052961 -0.9999999105333415
vn -0.00028271091482247204 0.0003146551404052946 -0.9999999105333366
vn -0.0002827109149902643 0.000314655155690348 -0.9999999105333316
vn -0.00028271091482247204 0.0003146551404052946 -0.9999999105333366
vn -0.00028271091482247204 0.0003146551404052946 -0.9999999105333366
vn -0.00028271091482247204 0.0003146551404052946 -0.9999999105333366
vn -0.00028271091482247204 0.0003146551404052946 -0.9999999105333366
vn -0.00028271091482247204 0.0003146551404052946 -0.9999999105333366
vn -0.00028271091482247204 0.0003146551404052946 -0.9999999105333366
vn -0.000282710897803792 0.0003146551404052961 -0.9999999105333415
vn -0.0002827109149902643 0.000314655155690348 -0.9999999105333316
vn -0.00028271091482247204 0.0003146551404052946 -0.9999999105333366
vn -0.000282710897803792 0.0003146551404052961 -0.9999999105333415
vn -0.00028271091482247204 0.0003146551404052946 -0.9999999105333366
vn -0.0002827109149902643 0.000314655155690348 -0.9999999105333316
vn -0.00028271091482247204 0.0003146551404052946 -0.9999999105333366
vn -0.00028271091482247204 0.0003146551404052946 -0.9999999105333366
vn -0.00028271091482247204 0.0003146551404052946 -0.9999999105333366
vn -0.00028271091482247204 0.0003146551404052946 -0.9999999105333366
vn -0.00028271091482247204 0.0003146551404052946 -0.9999999105333366
vn -0.00028271091482247204 0.0003146551404052946 -0.9999999105333366
vn -0.0002827109320089434 0.00031465515569034647 -0.9999999105333269
vn -0.0002827109149902643 0.000314655155690348 -0.9999999105333316
vn -0.00028271091482247204 0.0003146551404052946 -0.9999999105333366
vn -0.0002827109320089434 0.00031465515569034647 -0.9999999105333269
vn -0.00028271091482247204 0.0003146551404052946 -0.9999999105333366
vn -0.0002827109149902643 0.000314655155690348 -0.9999999105333316
vn -0.0002827109320089434 0.00031465515569034647 -0.9999999105333269
vn -0.00028271091482247204 0.0003146551404052946 -0.9999999105333366
vn -0.00028271091482247204 0.0003146551404052946 -0.9999999105333366
vn -0.0002827109320089434 0.00031465515569034647 -0.9999999105333269
vn -0.00028271091482247204 0.0003146551404052946 -0.9999999105333366
vn -0.00028271091482247204 0.0003146551404052946 -0.9999999105333366
vn -0.00028271091482247204 0.0003146551404052946 -0.9999999105333366
vn 0 1.0123744935464306e-7 0.9999999999999949
vn 0 1.0123744935464306e-7 0.9999999999999949
vn 0 1.0123744935464306e-7 0.9999999999999949
vn 0 1.0123744935464306e-7 0.9999999999999949
vn 0 1.0123744935464306e-7 0.9999999999999949
vn 0 1.0123744935464306e-7 0.9999999999999949
vn 0 1.0123744935464306e-7 0.9999999999999949
vn 0 1.0123744935464306e-7 0.9999999999999949
vn 0 1.0123744935464306e-7 0.9999999999999949
vn 0 1.0123744935464306e-7 0.9999999999999949
vn 0 1.0123744935464306e-7 0.9999999999999949
vn 0 1.0123744935464306e-7 0.9999999999999949
vn 0 1.0123744935464306e-7 0.9999999999999949
vn 0 1.0123744935464306e-7 0.9999999999999949
vn 0 1.0123744935464306e-7 0.9999999999999949
vn 0 1.0123744935464306e-7 0.9999999999999949
vn 0 1.0123744935464306e-7 0.9999999999999949
vn 0 1.0123744935464306e-7 0.9999999999999949
vn 0 1.0123744935464306e-7 0.9999999999999949
vn 0 1.0123744935464306e-7 0.9999999999999949
vn 0 1.0123744935464306e-7 0.9999999999999949
vn 0 1.0123744935464306e-7 0.9999999999999949
vn 0 1.0123744935464306e-7 0.9999999999999949
vn 0 1.0123744935464306e-7 0.9999999999999949
vn 0 1.0123744935464306e-7 0.9999999999999949
vn 0 1.0123744935464306e-7 0.9999999999999949
vn 0 1.0123744935464306e-7 0.9999999999999949
vn 0 1.0123744935464306e-7 0.9999999999999949
vn 0 1.0123744935464306e-7 0.9999999999999949
vn 0 1.0123744935464306e-7 0.9999999999999949
vn 0 1.0123744935464306e-7 0.9999999999999949
vn 0 1.0123744935464306e-7 0.9999999999999949
vn 0 1.0123744935464306e-7 0.9999999999999949
vn 0 1.0123744935464306e-7 0.9999999999999949
vn 0 1.0123744935464306e-7 0.9999999999999949
vn 0 1.0123744935464306e-7 0.9999999999999949
vn 0 1.0123744935464306e-7 0.9999999999999949
vn 0 1.0123744935464306e-7 0.9999999999999949
vn 0 1.0123744935464306e-7 0.9999999999999949
f 841/841/841 842/842/842 843/843/843
f 844/844/844 845/845/845 846/846/846
f 847/847/847 848/848/848 849/849/849
f 850/850/850 851/851/851 852/852/852
f 853/853/853 854/854/854 855/855/855
f 856/856/856 857/857/857 858/858/858
f 859/859/859 860/860/860 861/861/861
f 862/862/862 863/863/863 864/864/864
f 865/865/865 866/866/866 867/867/867
f 868/868/868 869/869/869 870/870/870
f 871/871/871 872/872/872 873/873/873
f 874/874/874 875/875/875 876/876/876
f 877/877/877 878/878/878 879/879/879
f 880/880/880 881/881/881 882/882/882
f 883/883/883 884/884/884 885/885/885
f 886/886/886 887/887/887 888/888/888
f 889/889/889 890/890/890 891/891/891
f 892/892/892 893/893/893 894/894/894
f 895/895/895 896/896/896 897/897/897
f 898/898/898 899/899/899 900/900/900
f 901/901/901 902/902/902 903/903/903
f 904/904/904 905/905/905 906/906/906
f 907/907/907 908/908/908 909/909/909
f 910/910/910 911/911/911 912/912/912
f 913/913/913 914/914/914 915/915/915
f 916/916/916 917/917/917 918/918/918
f 919/919/919 920/920/920 921/921/921
f 922/922/922 923/923/923 924/924/924
f 925/925/925 926/926/926 927/927/927
f 928/928/928 929/929/929 930/930/930
f 931/931/931 932/932/932 933/933/933
f 934/934/934 935/935/935 936/936/936
f 937/937/937 938/938/938 939/939/939
f 940/940/940 941/941/941 942/942/942
f 943/943/943 944/944/944 945/945/945
f 946/946/946 947/947/947 948/948/948
f 949/949/949 950/950/950 951/951/951
f 952/952/952 953/953/953 954/954/954
f 955/955/955 956/956/956 957/957/957
f 958/958/958 959/959/959 960/960/960
f 961/961/961 962/962/962 963/963/963
f 964/964/964 965/965/965 966/966/966
f 967/967/967 968/968/968 969/969/969
f 970/970/970 971/971/971 972/972/972
f 973/973/973 974/974/974 975/975/975
f 976/976/976 977/977/977 978/978/978
f 979/979/979 980/980/980 981/981/981
f 982/982/982 983/983/983 984/984/984
f 985/985/985 986/986/986 987/987/987
f 988/988/988 989/989/989 990/990/990
f 991/991/991 992/992/992 993/993/993
f 994/994/994 995/995/995 996/996/996
f 997/997/997 998/998/998 999/999/999
f 1000/1000/1000 1001/1001/1001 1002/1002/1002
f 1003/1003/1003 1004/1004/1004 1005/1005/1005
f 1006/1006/1006 1007/1007/1007 1008/1008/1008
o stair6
usemtl Roof
v 0.10579600391854171 9.534515904986094 0.0006524589137633097
v 0.0774907925119912 9.573474722170012 0.0006524606167073177
v 0.0774907925119912 9.573474590884674 3.0041110239346844
v 0.10579600391854171 9.534515904986094 0.0006524589137633097
v 0.0774907925119912 9.573474590884674 3.0041110239346844
v 0.10579600391854171 9.534515773700756 3.00411102223174
v 0.0774907925119912 9.573474722170012 0.0006524606167073177
v 0.035786705160942844 9.597552604193831 0.0006524616691847562
v 0.035786705160942844 9.597552472908493 3.0041110249871616
v 0.0774907925119912 9.573474722170012 0.0006524606167073177
v 0.035786705160942844 9.597552472908493 3.0041110249871616
v 0.0774907925119912 9.573474590884674 3.0041110239346844
v 0.035786705160942844 9.597552604193831 0.0006524616691847562
v -0.012105228424244219 9.602586258709527 0.0006524618892127521
v -0.012105228424244219 9.602586127424189 3.0041110252071896
v 0.035786705160942844 9.597552604193831 0.0006524616691847562
v -0.012105228424244219 9.602586127424189 3.0041110252071896
v 0.035786705160942844 9.597552472908493 3.0041110249871616
v -0.012105228424244219 9.602586258709527 0.0006524618892127521
v -0.05790405880871674 9.587705326622666 0.0006524612387466266
v -0.05790405880871674 9.587705195337328 3.0041110245567237
v -0.012105228424244219 9.602586258709527 0.0006524618892127521
v -0.05790405880871674 9.587705195337328 3.0041110245567237
v -0.012105228424244219 9.602586127424189 3.0041110252071896
v -0.05790405880871674 9.587705326622666 0.0006524612387466266
v -0.09369074553023893 9.555482850838207 0.0006524598302575235
v -0.09369074553023893 9.555482719552868 3.0041110231482344
v -0.05790405880871674 9.587705326622666 0.0006524612387466266
v -0.09369074553023893 9.555482719552868 3.0041110231482344
v -0.05790405880871674 9.587705195337328 3.0041110245567237
v -0.09369074553023893 9.555482850838207 0.0006524598302575235
v -0.11327746694056628 9.511490399114633 0.0006524579072864078
v -0.11327746694056628 9.511490267829295 3.0041110212252633
v -0.09369074553023893 9.555482850838207 0.0006524598302575235
v -0.11327746694056628 9.511490267829295 3.0041110212252633
v -0.09369074553023893 9.555482719552868 3.0041110231482344
v -0.11327746694056628 9.511490399114633 0.0006524579072864078
v -0.11327746694056628 9.463334659652888 0.000652455802332419
v -0.11327746694056628 9.46333452836755 3.0041110191203093
v -0.11327746694056628 9.511490399114633 0.0006524579072864078
v -0.11327746694056628 9.46333452836755 3.0041110191203093
v -0.11327746694056628 9.511490267829295 3.0041110212252633
v -0.11327746694056628 9.463334659652888 0.000652455802332419
v -0.09369077011613314 9.419342198709604 0.0006524538793608592
v -0.09369077011613314 9.419342067424266 3.0041110171973378
v -0.11327746694056628 9.463334659652888 0.000652455802332419
v -0.09369077011613314 9.419342067424266 3.0041110171973378
v -0.11327746694056628 9.46333452836755 3.0041110191203093
v -0.09369077011613314 9.419342198709604 0.0006524538793608592
v -0.05790408339461095 9.38711971677867 0.000652452470871534
v -0.05790408339461095 9.387119585493332 3.0041110157888484
v -0.09369077011613314 9.419342198709604 0.0006524538793608592
v -0.05790408339461095 9.387119585493332 3.0041110157888484
v -0.09369077011613314 9.419342067424266 3.0041110171973378
v -0.05790408339461095 9.38711971677867 0.000652452470871534
v -0.012105256083375204 9.372238778549187 0.00056435089766671
v -0.012105256083375204 9.372238647259998 3.004111015138382
v -0.05790408339461095 9.38711971677867 0.000652452470871534
v -0.012105256083375204 9.372238647259998 3.004111015138382
v -0.05790408339461095 9.387119585493332 3.0041110157888484
v -0.012105256083375204 9.372238778549187 0.00056435089766671
v 0.03578668672152219 9.377272408478989 0.0005643511176935956
v 0.03578668672152219 9.3772722771898 3.0041110153584087
v -0.012105256083375204 9.372238778549187 0.00056435089766671
v 0.03578668672152219 9.3772722771898 3.0041110153584087
v -0.012105256083375204 9.372238647259998 3.004111015138382
v 0.03578668672152219 9.377272408478989 0.0005643511176935956
v 0.07749078636551765 9.401350278209861 0.00056435217017059
v 0.07749078636551765 9.401350146920672 3.004111016410886
v 0.03578668672152219 9.377272408478989 0.0005643511176935956
v 0.07749078636551765 9.401350146920672 3.004111016410886
v 0.03578668672152219 9.3772722771898 3.0041110153584087
v 0.07749078636551765 9.401350278209861 0.00056435217017059
v 0.10579601621148882 9.440309092320541 0.000564353873114376
v 0.10579601621148882 9.440308961031352 3.0041110181138295
v 0.07749078636551765 9.401350278209861 0.00056435217017059
v 0.10579601621148882 9.440308961031352 3.0041110181138295
v 0.07749078636551765 9.401350146920672 3.004111016410886
v 0.10579601621148882 9.440309092320541 0.000564353873114376
v 0.1158081667892219 9.487412518631283 0.0005643559320704927
v 0.1158081667892219 9.487412387342093 3.004111020172786
v 0.10579601621148882 9.440309092320541 0.000564353873114376
v 0.1158081667892219 9.487412387342093 3.004111020172786
v 0.10579601621148882 9.440308961031352 3.0041110181138295
v 0.1158081667892219 9.487412518631283 0.0005643559320704927
v 0.10579600391854171 9.534515904986094 0.0006524589137633097
v 0.10579600391854171 9.534515773700756 3.00411102223174
v 0.1158081667892219 9.487412518631283 0.0005643559320704927
v 0.10579600391854171 9.534515773700756 3.00411102223174
v 0.1158081667892219 9.487412387342093 3.004111020172786
v 0.0774907925119912 9.573474722170012 0.0006524606167073177
v 0.10579600391854171 9.534515904986094 0.0006524589137633097
v 0.1158081667892219 9.487412518631283 0.0005643559320704927
v 0.10579601621148882 9.440309092320541 0.000564353873114376
v 0.0774907925119912 9.573474722170012 0.0006524606167073177
v 0.1158081667892219 9.487412518631283 0.0005643559320704927
v 0.0774907925119912 9.573474722170012 0.0006524606167073177
v 0.10579601621148882 9.440309092320541 0.000564353873114376
v 0.07749078636551765 9.401350278209861 0.00056435217017059
v 0.03578668672152219 9.377272408478989 0.0005643511176935956
v 0.0774907925119912 9.573474722170012 0.0006524606167073177
v 0.07749078636551765 9.401350278209861 0.00056435217017059
v 0.0774907925119912 9.573474722170012 0.0006524606167073177
v 0.03578668672152219 9.377272408478989 0.0005643511176935956
v -0.012105256083375204 9.372238778549187 0.00056435089766671
v -0.05790408339461095 9.38711971677867 0.000652452470871534
v 0.0774907925119912 9.573474722170012 0.0006524606167073177
v -0.012105256083375204 9.372238778549187 0.00056435089766671
v 0.0774907925119912 9.573474722170012 0.0006524606167073177
v -0.05790408339461095 9.38711971677867 0.000652452470871534
v -0.09369077011613314 9.419342198709604 0.0006524538793608592
v -0.11327746694056628 9.463334659652888 0.000652455802332419
v 0.0774907925119912 9.573474722170012 0.0006524606167073177
v -0.09369077011613314 9.419342198709604 0.0006524538793608592
v 0.0774907925119912 9.573474722170012 0.0006524606167073177
v -0.11327746694056628 9.463334659652888 0.000652455802332419
v -0.11327746694056628 9.511490399114633 0.0006524579072864078
v -0.09369074553023893 9.555482850838207 0.0006524598302575235
v 0.0774907925119912 9.573474722170012 0.0006524606167073177
v -0.11327746694056628 9.511490399114633 0.0006524579072864078
v 0.0774907925119912 9.573474722170012 0.0006524606167073177
v -0.09369074553023893 9.555482850838207 0.0006524598302575235
v -0.05790405880871674 9.587705326622666 0.0006524612387466266
v -0.012105228424244219 9.602586258709527 0.0006524618892127521
v 0.0774907925119912 9.573474722170012 0.0006524606167073177
v -0.05790405880871674 9.587705326622666 0.0006524612387466266
v 0.0774907925119912 9.573474722170012 0.0006524606167073177
v -0.012105228424244219 9.602586258709527 0.0006524618892127521
v 0.035786705160942844 9.597552604193831 0.0006524616691847562
v 0.1158081667892219 9.487412387342093 3.004111020172786
v 0.10579600391854171 9.534515773700756 3.00411102223174
v 0.0774907925119912 9.573474590884674 3.0041110239346844
v 0.035786705160942844 9.597552472908493 3.0041110249871616
v 0.1158081667892219 9.487412387342093 3.004111020172786
v 0.0774907925119912 9.573474590884674 3.0041110239346844
v 0.1158081667892219 9.487412387342093 3.004111020172786
v 0.035786705160942844 9.597552472908493 3.0041110249871616
v -0.012105228424244219 9.602586127424189 3.0041110252071896
v -0.05790405880871674 9.587705195337328 3.0041110245567237
v 0.1158081667892219 9.487412387342093 3.004111020172786
v -0.012105228424244219 9.602586127424189 3.0041110252071896
v 0.1158081667892219 9.487412387342093 3.004111020172786
v -0.05790405880871674 9.587705195337328 3.0041110245567237
v -0.09369074553023893 9.555482719552868 3.0041110231482344
v -0.11327746694056628 9.511490267829295 3.0041110212252633
v 0.1158081667892219 9.487412387342093 3.004111020172786
v -0.09369074553023893 9.555482719552868 3.0041110231482344
v 0.1158081667892219 9.487412387342093 3.004111020172786
v -0.11327746694056628 9.511490267829295 3.0041110212252633
v -0.11327746694056628 9.46333452836755 3.0041110191203093
v -0.09369077011613314 9.419342067424266 3.0041110171973378
v 0.1158081667892219 9.487412387342093 3.004111020172786
v -0.11327746694056628 9.46333452836755 3.0041110191203093
v 0.1158081667892219 9.487412387342093 3.004111020172786
v -0.09369077011613314 9.419342067424266 3.0041110171973378
v -0.05790408339461095 9.387119585493332 3.0041110157888484
v -0.012105256083375204 9.372238647259998 3.004111015138382
v 0.1158081667892219 9.487412387342093 3.004111020172786
v -0.05790408339461095 9.387119585493332 3.0041110157888484
v 0.1158081667892219 9.487412387342093 3.004111020172786
v -0.012105256083375204 9.372238647259998 3.004111015138382
v 0.03578668672152219 9.3772722771898 3.0041110153584087
v 0.07749078636551765 9.401350146920672 3.004111016410886
v 0.1158081667892219 9.487412387342093 3.004111020172786
v 0.03578668672152219 9.3772722771898 3.0041110153584087
v 0.1158081667892219 9.487412387342093 3.004111020172786
v 0.07749078636551765 9.401350146920672 3.004111016410886
v 0.10579601621148882 9.440308961031352 3.0041110181138295
vt -0.19633284211158752 0.08092749118804932
vt -0.1924516260623932 0.0770462155342102
vt 0.5118377804756165 0.781335711479187
vt -0.19633284211158752 0.08092749118804932
vt 0.5118377804756165 0.781335711479187
vt 0.5079566240310669 0.7852169275283813
vt -0.1924516260623932 0.0770462155342102
vt -0.18673312664031982 0.07132768630981445
vt 0.517556369304657 0.7756171822547913
vt -0.1924516260623932 0.0770462155342102
vt 0.517556369304657 0.7756171822547913
vt 0.5118377804756165 0.781335711479187
vt -0.18673312664031982 0.07132768630981445
vt -0.1801661252975464 0.06476068496704102
vt 0.5241233706474304 0.769050121307373
vt -0.18673312664031982 0.07132768630981445
vt 0.5241233706474304 0.769050121307373
vt 0.517556369304657 0.7756171822547913
vt -0.1801661252975464 0.06476068496704102
vt -0.17388609051704407 0.05848062038421631
vt 0.5304033160209656 0.7627701759338379
vt -0.1801661252975464 0.06476068496704102
vt 0.5304033160209656 0.7627701759338379
vt 0.5241233706474304 0.769050121307373
vt -0.17388609051704407 0.05848062038421631
vt -0.16897892951965332 0.053573548793792725
vt 0.5353105068206787 0.7578630447387695
vt -0.17388609051704407 0.05848062038421631
vt 0.5353105068206787 0.7578630447387695
vt 0.5304033160209656 0.7627701759338379
vt 0.5028549432754517 0.7903188467025757
vt 0.4968227744102478 0.7963510751724243
vt -0.207466721534729 0.09206169843673706
vt 0.5028549432754517 0.7903188467025757
vt -0.207466721534729 0.09206169843673706
vt -0.2014344036579132 0.08602941036224365
vt 0.4968227744102478 0.7963510751724243
vt 0.4902195334434509 0.8029543161392212
vt -0.21406984329223633 0.09866493940353394
vt 0.4968227744102478 0.7963510751724243
vt -0.21406984329223633 0.09866493940353394
vt -0.207466721534729 0.09206169843673706
vt 0.4902195334434509 0.8029543161392212
vt 0.48418721556663513 0.8089866042137146
vt -0.2201022207736969 0.10469722747802734
vt 0.4902195334434509 0.8029543161392212
vt -0.2201022207736969 0.10469722747802734
vt -0.21406984329223633 0.09866493940353394
vt 0.48418721556663513 0.8089866042137146
vt 0.4797687828540802 0.8134050369262695
vt -0.22452059388160706 0.10911566019058228
vt 0.48418721556663513 0.8089866042137146
vt -0.22452059388160706 0.10911566019058228
vt -0.2201022207736969 0.10469722747802734
vt 0.4744078814983368 0.8187659382820129
vt 0.4650484025478363 0.8219665288925171
vt -0.23616153001785278 0.12075662612915039
vt 0.4744078814983368 0.8187659382820129
vt -0.23616153001785278 0.12075662612915039
vt -0.22988149523735046 0.11447656154632568
vt 0.4650484025478363 0.8219665288925171
vt 0.45848143100738525 0.8285335302352905
vt -0.24272853136062622 0.12732362747192383
vt 0.4650484025478363 0.8219665288925171
vt -0.24272853136062622 0.12732362747192383
vt -0.23616153001785278 0.12075662612915039
vt 0.45848143100738525 0.8285335302352905
vt 0.4527628719806671 0.834252119064331
vt -0.24844709038734436 0.1330420970916748
vt 0.45848143100738525 0.8285335302352905
vt -0.24844709038734436 0.1330420970916748
vt -0.24272853136062622 0.12732362747192383
vt 0.4527628719806671 0.834252119064331
vt 0.44888171553611755 0.8381332159042358
vt -0.2523282766342163 0.13692325353622437
vt 0.4527628719806671 0.834252119064331
vt -0.2523282766342163 0.13692325353622437
vt -0.24844709038734436 0.1330420970916748
vt 0.4441744089126587 0.8428406715393066
vt 0.4377155005931854 0.8492995500564575
vt -0.26349449157714844 0.14808958768844604
vt 0.4441744089126587 0.8428406715393066
vt -0.26349449157714844 0.14808958768844604
vt -0.25703561305999756 0.14163070917129517
vt 0.4377155005931854 0.8492995500564575
vt 0.43433600664138794 0.8588377833366394
vt -0.2699533700942993 0.15454846620559692
vt 0.4377155005931854 0.8492995500564575
vt -0.2699533700942993 0.15454846620559692
vt -0.26349449157714844 0.14808958768844604
vt 0.36279529333114624 0.9223949313163757
vt 0.3535720109939575 0.9209340810775757
vt 0.34574025869369507 0.9158480167388916
vt 0.34065425395965576 0.9080163240432739
vt 0.36279529333114624 0.9223949313163757
vt 0.34574025869369507 0.9158480167388916
vt 0.36279529333114624 0.9223949313163757
vt 0.34065425395965576 0.9080163240432739
vt 0.33919331431388855 0.8987930417060852
vt 0.341610312461853 0.8897728323936462
vt 0.36279529333114624 0.9223949313163757
vt 0.33919331431388855 0.8987930417060852
vt 0.36279529333114624 0.9223949313163757
vt 0.341610312461853 0.8897728323936462
vt 0.3474871516227722 0.8825156092643738
vt 0.3558075726032257 0.8782761096954346
vt 0.36279529333114624 0.9223949313163757
vt 0.3474871516227722 0.8825156092643738
vt 0.36279529333114624 0.9223949313163757
vt 0.3558075726032257 0.8782761096954346
vt 0.3651331067085266 0.8777872920036316
vt 0.37385115027427673 0.8811339139938354
vt 0.36279529333114624 0.9223949313163757
vt 0.3651331067085266 0.8777872920036316
vt 0.36279529333114624 0.9223949313163757
vt 0.37385115027427673 0.8811339139938354
vt 0.3804543614387512 0.8877370953559875
vt 0.3838009238243103 0.8964551091194153
vt 0.36279529333114624 0.9223949313163757
vt 0.3804543614387512 0.8877370953559875
vt 0.36279529333114624 0.9223949313163757
vt 0.3838009238243103 0.8964551091194153
vt 0.3833121955394745 0.9057806134223938
vt 0.3790726363658905 0.9141011834144592
vt 0.36279529333114624 0.9223949313163757
vt 0.3833121955394745 0.9057806134223938
vt 0.36279529333114624 0.9223949313163757
vt 0.3790726363658905 0.9141011834144592
vt 0.37181544303894043 0.9199779629707336
vt 0.38194572925567627 0.8796426057815552
vt 0.3768596649169922 0.871810793876648
vt 0.3753988742828369 0.8625874519348145
vt 0.37781575322151184 0.8535673022270203
vt 0.38194572925567627 0.8796426057815552
vt 0.3753988742828369 0.8625874519348145
vt 0.38194572925567627 0.8796426057815552
vt 0.37781575322151184 0.8535673022270203
vt 0.38369250297546387 0.8463101387023926
vt 0.3920131325721741 0.8420707583427429
vt 0.38194572925567627 0.8796426057815552
vt 0.38369250297546387 0.8463101387023926
vt 0.38194572925567627 0.8796426057815552
vt 0.3920131325721741 0.8420707583427429
vt 0.40133848786354065 0.8415818810462952
vt 0.4100567102432251 0.844928503036499
vt 0.38194572925567627 0.8796426057815552
vt 0.40133848786354065 0.8415818810462952
vt 0.38194572925567627 0.8796426057815552
vt 0.4100567102432251 0.844928503036499
vt 0.41665977239608765 0.8515315651893616
vt 0.4200063943862915 0.8602497577667236
vt 0.38194572925567627 0.8796426057815552
vt 0.41665977239608765 0.8515315651893616
vt 0.38194572925567627 0.8796426057815552
vt 0.4200063943862915 0.8602497577667236
vt 0.4195175766944885 0.8695752024650574
vt 0.41527819633483887 0.877895712852478
vt 0.38194572925567627 0.8796426057815552
vt 0.4195175766944885 0.8695752024650574
vt 0.38194572925567627 0.8796426057815552
vt 0.41527819633483887 0.877895712852478
vt 0.40802088379859924 0.8837724328041077
vt 0.3990008234977722 0.8861894607543945
vt 0.38194572925567627 0.8796426057815552
vt 0.40802088379859924 0.8837724328041077
vt 0.38194572925567627 0.8796426057815552
vt 0.3990008234977722 0.8861894607543945
vt 0.38977742195129395 0.8847285509109497
vn 0.9136320384068942 0.40654212376636073 1.777051990618957e-8
vn 0.6691308439214523 0.7431446115750043 3.2483881349662076e-8
vn 0.6691308439214523 0.7431446115750043 3.2483881349662076e-8
vn 0.9136320384068942 0.40654212376636073 1.777051990618957e-8
vn 0.6691308439214523 0.7431446115750043 3.2483881349662076e-8
vn 0.9135460478724062 0.40673531739536345 1.7778964667576767e-8
vn 0.6691308439214523 0.7431446115750043 3.2483881349662076e-8
vn 0.3090172104800834 0.9510564460783104 4.157199590771848e-8
vn 0.3090172104800834 0.9510564460783104 4.157199590771848e-8
vn 0.6691308439214523 0.7431446115750043 3.2483881349662076e-8
vn 0.3090172104800834 0.9510564460783104 4.157199590771848e-8
vn 0.6691308439214523 0.7431446115750043 3.2483881349662076e-8
vn 0.3090172104800834 0.9510564460783104 4.157199590771848e-8
vn -0.1045283001072703 0.9945219125171061 4.347193171107868e-8
vn -0.1045283001072703 0.9945219125171061 4.347193171107868e-8
vn 0.3090172104800834 0.9510564460783104 4.157199590771848e-8
vn -0.1045283001072703 0.9945219125171061 4.347193171107868e-8
vn 0.3090172104800834 0.9510564460783104 4.157199590771848e-8
vn -0.1045283001072703 0.9945219125171061 4.347193171107868e-8
vn -0.499999862246664 0.8660254833163489 3.785517462908056e-8
vn -0.499999862246664 0.8660254833163489 3.785517462908056e-8
vn -0.1045283001072703 0.9945219125171061 4.347193171107868e-8
vn -0.499999862246664 0.8660254833163489 3.785517462908056e-8
vn -0.1045283001072703 0.9945219125171061 4.347193171107868e-8
vn -0.499999862246664 0.8660254833163489 3.785517462908056e-8
vn -0.8090168465990117 0.5877854556885452 2.5692917238782506e-8
vn -0.8090168465990117 0.5877854556885452 2.5692917238782506e-8
vn -0.499999862246664 0.8660254833163489 3.785517462908056e-8
vn -0.8090168465990117 0.5877854556885452 2.5692917238782506e-8
vn -0.499999862246664 0.8660254833163489 3.785517462908056e-8
vn -0.8090168465990117 0.5877854556885452 2.5692917238782506e-8
vn -0.9781475549506937 0.207911906210249 9.088117692466308e-9
vn -0.9781475549506937 0.207911906210249 9.088117692466308e-9
vn -0.8090168465990117 0.5877854556885452 2.5692917238782506e-8
vn -0.9781475549506937 0.207911906210249 9.088117692466308e-9
vn -0.8090168465990117 0.5877854556885452 2.5692917238782506e-8
vn -0.9781475549506937 0.207911906210249 9.088117692466308e-9
vn -0.9781476116210176 -0.20791163959744785 -9.088106038451108e-9
vn -0.9781476116210176 -0.20791163959744785 -9.088106038451108e-9
vn -0.9781475549506937 0.207911906210249 9.088117692466308e-9
vn -0.9781476116210176 -0.20791163959744785 -9.088106038451108e-9
vn -0.9781475549506937 0.207911906210249 9.088117692466308e-9
vn -0.9781476116210176 -0.20791163959744785 -9.088106038451108e-9
vn -0.8090170500961854 -0.5877851755987603 -2.569290499566966e-8
vn -0.8090170500961854 -0.5877851755987603 -2.569290499566966e-8
vn -0.9781476116210176 -0.20791163959744785 -9.088106038451108e-9
vn -0.8090170500961854 -0.5877851755987603 -2.569290499566966e-8
vn -0.9781476116210176 -0.20791163959744785 -9.088106038451108e-9
vn -0.8090170500961854 -0.5877851755987603 -2.569290499566966e-8
vn -0.4998155611241879 -0.8661318634354194 -3.785982465158227e-8
vn -0.4999987289748043 -0.8660261376099332 -3.7855203229160316e-8
vn -0.8090170500961854 -0.5877851755987603 -2.569290499566966e-8
vn -0.4999987289748043 -0.8660261376099332 -3.7855203229160316e-8
vn -0.8090170500961854 -0.5877851755987603 -2.569290499566966e-8
vn -0.4998155611241879 -0.8661318634354194 -3.785982465158227e-8
vn -0.1043163653707879 -0.9945441648895369 -4.3472904393130785e-8
vn -0.10452709625447537 -0.9945220390461971 -4.347193724184068e-8
vn -0.4998155611241879 -0.8661318634354194 -3.785982465158227e-8
vn -0.10452709625447537 -0.9945220390461971 -4.347193724184068e-8
vn -0.4999987289748043 -0.8660261376099332 -3.7855203229160316e-8
vn -0.1043163653707879 -0.9945441648895369 -4.3472904393130785e-8
vn 0.309016788615936 -0.9510565831502835 -4.157200189932449e-8
vn 0.309016788615936 -0.9510565831502835 -4.157200189932449e-8
vn -0.1043163653707879 -0.9945441648895369 -4.3472904393130785e-8
vn 0.309016788615936 -0.9510565831502835 -4.157200189932449e-8
vn -0.10452709625447537 -0.9945220390461971 -4.347193724184068e-8
vn 0.309016788615936 -0.9510565831502835 -4.157200189932449e-8
vn 0.6691305936951912 -0.7431448368798103 -3.248389119804753e-8
vn 0.6691305936951912 -0.7431448368798103 -3.248389119804753e-8
vn 0.309016788615936 -0.9510565831502835 -4.157200189932449e-8
vn 0.6691305936951912 -0.7431448368798103 -3.248389119804753e-8
vn 0.309016788615936 -0.9510565831502835 -4.157200189932449e-8
vn 0.6691305936951912 -0.7431448368798103 -3.248389119804753e-8
vn 0.9135454521622745 -0.4067366553848142 -1.777902315146531e-8
vn 0.9135454521622745 -0.4067366553848142 -1.777902315146531e-8
vn 0.6691305936951912 -0.7431448368798103 -3.248389119804753e-8
vn 0.9135454521622745 -0.4067366553848142 -1.777902315146531e-8
vn 0.6691305936951912 -0.7431448368798103 -3.248389119804753e-8
vn 0.9135454521622745 -0.4067366553848142 -1.777902315146531e-8
vn 0.9999999772450009 -0.00021333072314755162 -9.32498021005598e-12
vn 0.9999999999989617 -0.0000014409802133726333 -6.2985757594046e-14
vn 0.9135454521622745 -0.4067366553848142 -1.777902315146531e-8
vn 0.9999999999989617 -0.0000014409802133726333 -6.2985757594046e-14
vn 0.9135454521622745 -0.4067366553848142 -1.777902315146531e-8
vn 0.9999999772450009 -0.00021333072314755162 -9.32498021005598e-12
vn 0.9136320384068942 0.40654212376636073 1.777051990618957e-8
vn 0.9135460478724062 0.40673531739536345 1.7778964667576767e-8
vn 0.9999999772450009 -0.00021333072314755162 -9.32498021005598e-12
vn 0.9135460478724062 0.40673531739536345 1.7778964667576767e-8
vn 0.9999999999989617 -0.0000014409802133726333 -6.2985757594046e-14
vn -0.00028271091482247204 0.0003146551404052946 -0.9999999105333366
vn -0.0002827109149902643 0.000314655155690348 -0.9999999105333316
vn -0.000282710897803792 0.0003146551404052961 -0.9999999105333415
vn -0.0002827109149902643 0.000314655155690348 -0.9999999105333316
vn -0.00028271091482247204 0.0003146551404052946 -0.9999999105333366
vn -0.000282710897803792 0.0003146551404052961 -0.9999999105333415
vn -0.00028271091482247204 0.0003146551404052946 -0.9999999105333366
vn -0.0002827109149902643 0.000314655155690348 -0.9999999105333316
vn -0.00028271091482247204 0.0003146551404052946 -0.9999999105333366
vn -0.00028271091482247204 0.0003146551404052946 -0.9999999105333366
vn -0.00028271091482247204 0.0003146551404052946 -0.9999999105333366
vn -0.00028271091482247204 0.0003146551404052946 -0.9999999105333366
vn -0.00028271091482247204 0.0003146551404052946 -0.9999999105333366
vn -0.00028271091482247204 0.0003146551404052946 -0.9999999105333366
vn -0.000282710897803792 0.0003146551404052961 -0.9999999105333415
vn -0.0002827109149902643 0.000314655155690348 -0.9999999105333316
vn -0.00028271091482247204 0.0003146551404052946 -0.9999999105333366
vn -0.000282710897803792 0.0003146551404052961 -0.9999999105333415
vn -0.00028271091482247204 0.0003146551404052946 -0.9999999105333366
vn -0.0002827109149902643 0.000314655155690348 -0.9999999105333316
vn -0.00028271091482247204 0.0003146551404052946 -0.9999999105333366
vn -0.00028271091482247204 0.0003146551404052946 -0.9999999105333366
vn -0.00028271091482247204 0.0003146551404052946 -0.9999999105333366
vn -0.00028271091482247204 0.0003146551404052946 -0.9999999105333366
vn -0.00028271091482247204 0.0003146551404052946 -0.9999999105333366
vn -0.00028271091482247204 0.0003146551404052946 -0.9999999105333366
vn -0.0002827109320089434 0.00031465515569034647 -0.9999999105333269
vn -0.0002827109149902643 0.000314655155690348 -0.9999999105333316
vn -0.00028271091482247204 0.0003146551404052946 -0.9999999105333366
vn -0.0002827109320089434 0.00031465515569034647 -0.9999999105333269
vn -0.00028271091482247204 0.0003146551404052946 -0.9999999105333366
vn -0.0002827109149902643 0.000314655155690348 -0.9999999105333316
vn -0.0002827109320089434 0.00031465515569034647 -0.9999999105333269
vn -0.00028271091482247204 0.0003146551404052946 -0.9999999105333366
vn -0.00028271091482247204 0.0003146551404052946 -0.9999999105333366
vn -0.0002827109320089434 0.00031465515569034647 -0.9999999105333269
vn -0.00028271091482247204 0.0003146551404052946 -0.9999999105333366
vn -0.00028271091482247204 0.0003146551404052946 -0.9999999105333366
vn -0.00028271091482247204 0.0003146551404052946 -0.9999999105333366
vn 0 1.0123744935464306e-7 0.9999999999999949
vn 0 1.0123744935464306e-7 0.9999999999999949
vn 0 1.0123744935464306e-7 0.9999999999999949
vn 0 1.0123744935464306e-7 0.9999999999999949
vn 0 1.0123744935464306e-7 0.9999999999999949
vn 0 1.0123744935464306e-7 0.9999999999999949
vn 0 1.0123744935464306e-7 0.9999999999999949
vn 0 1.0123744935464306e-7 0.9999999999999949
vn 0 1.0123744935464306e-7 0.9999999999999949
vn 0 1.0123744935464306e-7 0.9999999999999949
vn 0 1.0123744935464306e-7 0.9999999999999949
vn 0 1.0123744935464306e-7 0.9999999999999949
vn 0 1.0123744935464306e-7 0.9999999999999949
vn 0 1.0123744935464306e-7 0.9999999999999949
vn 0 1.0123744935464306e-7 0.9999999999999949
vn 0 1.0123744935464306e-7 0.9999999999999949
vn 0 1.0123744935464306e-7 0.9999999999999949
vn 0 1.0123744935464306e-7 0.9999999999999949
vn 0 1.0123744935464306e-7 0.9999999999999949
vn 0 1.0123744935464306e-7 0.9999999999999949
vn 0 1.0123744935464306e-7 0.9999999999999949
vn 0 1.0123744935464306e-7 0.9999999999999949
vn 0 1.0123744935464306e-7 0.9999999999999949
vn 0 1.0123744935464306e-7 0.9999999999999949
vn 0 1.0123744935464306e-7 0.9999999999999949
vn 0 1.0123744935464306e-7 0.9999999999999949
vn 0 1.0123744935464306e-7 0.9999999999999949
vn 0 1.0123744935464306e-7 0.9999999999999949
vn 0 1.0123744935464306e-7 0.9999999999999949
vn 0 1.0123744935464306e-7 0.9999999999999949
vn 0 1.0123744935464306e-7 0.9999999999999949
vn 0 1.0123744935464306e-7 0.9999999999999949
vn 0 1.0123744935464306e-7 0.9999999999999949
vn 0 1.0123744935464306e-7 0.9999999999999949
vn 0 1.0123744935464306e-7 0.9999999999999949
vn 0 1.0123744935464306e-7 0.9999999999999949
vn 0 1.0123744935464306e-7 0.9999999999999949
vn 0 1.0123744935464306e-7 0.9999999999999949
vn 0 1.0123744935464306e-7 0.9999999999999949
f 1009/1009/1009 1010/1010/1010 1011/1011/1011
f 1012/1012/1012 1013/1013/1013 1014/1014/1014
f 1015/1015/1015 1016/1016/1016 1017/1017/1017
f 1018/1018/1018 1019/1019/1019 1020/1020/1020
f 1021/1021/1021 1022/1022/1022 1023/1023/1023
f 1024/1024/1024 1025/1025/1025 1026/1026/1026
f 1027/1027/1027 1028/1028/1028 1029/1029/1029
f 1030/1030/1030 1031/1031/1031 1032/1032/1032
f 1033/1033/1033 1034/1034/1034 1035/1035/1035
f 1036/1036/1036 1037/1037/1037 1038/1038/1038
f 1039/1039/1039 1040/1040/1040 1041/1041/1041
f 1042/1042/1042 1043/1043/1043 1044/1044/1044
f 1045/1045/1045 1046/1046/1046 1047/1047/1047
f 1048/1048/1048 1049/1049/1049 1050/1050/1050
f 1051/1051/1051 1052/1052/1052 1053/1053/1053
f 1054/1054/1054 1055/1055/1055 1056/1056/1056
f 1057/1057/1057 1058/1058/1058 1059/1059/1059
f 1060/1060/1060 1061/1061/1061 1062/1062/1062
f 1063/1063/1063 1064/1064/1064 1065/1065/1065
f 1066/1066/1066 1067/1067/1067 1068/1068/1068
f 1069/1069/1069 1070/1070/1070 1071/1071/1071
f 1072/1072/1072 1073/1073/1073 1074/1074/1074
f 1075/1075/1075 1076/1076/1076 1077/1077/1077
f 1078/1078/1078 1079/1079/1079 1080/1080/1080
f 1081/1081/1081 1082/1082/1082 1083/1083/1083
f 1084/1084/1084 1085/1085/1085 1086/1086/1086
f 1087/1087/1087 1088/1088/1088 1089/1089/1089
f 1090/1090/1090 1091/1091/1091 1092/1092/1092
f 1093/1093/1093 1094/1094/1094 1095/1095/1095
f 1096/1096/1096 1097/1097/1097 1098/1098/1098
f 1099/1099/1099 1100/1100/1100 1101/1101/1101
f 1102/1102/1102 1103/1103/1103 1104/1104/1104
f 1105/1105/1105 1106/1106/1106 1107/1107/1107
f 1108/1108/1108 1109/1109/1109 1110/1110/1110
f 1111/1111/1111 1112/1112/1112 1113/1113/1113
f 1114/1114/1114 1115/1115/1115 1116/1116/1116
f 1117/1117/1117 1118/1118/1118 1119/1119/1119
f 1120/1120/1120 1121/1121/1121 1122/1122/1122
f 1123/1123/1123 1124/1124/1124 1125/1125/1125
f 1126/1126/1126 1127/1127/1127 1128/1128/1128
f 1129/1129/1129 1130/1130/1130 1131/1131/1131
f 1132/1132/1132 1133/1133/1133 1134/1134/1134
f 1135/1135/1135 1136/1136/1136 1137/1137/1137
f 1138/1138/1138 1139/1139/1139 1140/1140/1140
f 1141/1141/1141 1142/1142/1142 1143/1143/1143
f 1144/1144/1144 1145/1145/1145 1146/1146/1146
f 1147/1147/1147 1148/1148/1148 1149/1149/1149
f 1150/1150/1150 1151/1151/1151 1152/1152/1152
f 1153/1153/1153 1154/1154/1154 1155/1155/1155
f 1156/1156/1156 1157/1157/1157 1158/1158/1158
f 1159/1159/1159 1160/1160/1160 1161/1161/1161
f 1162/1162/1162 1163/1163/1163 1164/1164/1164
f 1165/1165/1165 1166/1166/1166 1167/1167/1167
f 1168/1168/1168 1169/1169/1169 1170/1170/1170
f 1171/1171/1171 1172/1172/1172 1173/1173/1173
f 1174/1174/1174 1175/1175/1175 1176/1176/1176
o stair7
usemtl Roof
v 0.10579600391854171 11.638664769732188 0.0006524589137633097
v 0.0774907925119912 11.677623586916106 0.0006524606167073177
v 0.0774907925119912 11.677623455630767 3.0041110239346844
v 0.10579600391854171 11.638664769732188 0.0006524589137633097
v 0.0774907925119912 11.677623455630767 3.0041110239346844
v 0.10579600391854171 11.63866463844685 3.00411102223174
v 0.0774907925119912 11.677623586916106 0.0006524606167073177
v 0.035786705160942844 11.701701468939925 0.0006524616691847562
v 0.035786705160942844 11.701701337654587 3.0041110249871616
v 0.0774907925119912 11.677623586916106 0.0006524606167073177
v 0.035786705160942844 11.701701337654587 3.0041110249871616
v 0.0774907925119912 11.677623455630767 3.0041110239346844
v 0.035786705160942844 11.701701468939925 0.0006524616691847562
v -0.012105228424244219 11.706735123455621 0.0006524618892127521
v -0.012105228424244219 11.706734992170283 3.0041110252071896
v 0.035786705160942844 11.701701468939925 0.0006524616691847562
v -0.012105228424244219 11.706734992170283 3.0041110252071896
v 0.035786705160942844 11.701701337654587 3.0041110249871616
v -0.012105228424244219 11.706735123455621 0.0006524618892127521
v -0.05790405880871674 11.69185419136876 0.0006524612387466266
v -0.05790405880871674 11.691854060083422 3.0041110245567237
v -0.012105228424244219 11.706735123455621 0.0006524618892127521
v -0.05790405880871674 11.691854060083422 3.0041110245567237
v -0.012105228424244219 11.706734992170283 3.0041110252071896
v -0.05790405880871674 11.69185419136876 0.0006524612387466266
v -0.09369074553023893 11.6596317155843 0.0006524598302575235
v -0.09369074553023893 11.659631584298962 3.0041110231482344
v -0.05790405880871674 11.69185419136876 0.0006524612387466266
v -0.09369074553023893 11.659631584298962 3.0041110231482344
v -0.05790405880871674 11.691854060083422 3.0041110245567237
v -0.09369074553023893 11.6596317155843 0.0006524598302575235
v -0.11327746694056628 11.615639263860727 0.0006524579072864078
v -0.11327746694056628 11.615639132575389 3.0041110212252633
v -0.09369074553023893 11.6596317155843 0.0006524598302575235
v -0.11327746694056628 11.615639132575389 3.0041110212252633
v -0.09369074553023893 11.659631584298962 3.0041110231482344
v -0.11327746694056628 11.615639263860727 0.0006524579072864078
v -0.11327746694056628 11.567483524398982 0.000652455802332419
v -0.11327746694056628 11.567483393113644 3.0041110191203093
v -0.11327746694056628 11.615639263860727 0.0006524579072864078
v -0.11327746694056628 11.567483393113644 3.0041110191203093
v -0.11327746694056628 11.615639132575389 3.0041110212252633
v -0.11327746694056628 11.567483524398982 0.000652455802332419
v -0.09369077011613314 11.523491063455698 0.0006524538793608592
v -0.09369077011613314 11.52349093217036 3.0041110171973378
v -0.11327746694056628 11.567483524398982 0.000652455802332419
v -0.09369077011613314 11.52349093217036 3.0041110171973378
v -0.11327746694056628 11.567483393113644 3.0041110191203093
v -0.09369077011613314 11.523491063455698 0.0006524538793608592
v -0.05790408339461095 11.491268581524764 0.000652452470871534
v -0.05790408339461095 11.491268450239426 3.0041110157888484
v -0.09369077011613314 11.523491063455698 0.0006524538793608592
v -0.05790408339461095 11.491268450239426 3.0041110157888484
v -0.09369077011613314 11.52349093217036 3.0041110171973378
v -0.05790408339461095 11.491268581524764 0.000652452470871534
v -0.012105256083375204 11.476387643295281 0.00056435089766671
v -0.012105256083375204 11.476387512006092 3.004111015138382
v -0.05790408339461095 11.491268581524764 0.000652452470871534
v -0.012105256083375204 11.476387512006092 3.004111015138382
v -0.05790408339461095 11.491268450239426 3.0041110157888484
v -0.012105256083375204 11.476387643295281 0.00056435089766671
v 0.03578668672152219 11.481421273225083 0.0005643511176935956
v 0.03578668672152219 11.481421141935893 3.0041110153584087
v -0.012105256083375204 11.476387643295281 0.00056435089766671
v 0.03578668672152219 11.481421141935893 3.0041110153584087
v -0.012105256083375204 11.476387512006092 3.004111015138382
v 0.03578668672152219 11.481421273225083 0.0005643511176935956
v 0.07749078636551765 11.505499142955955 0.00056435217017059
v 0.07749078636551765 11.505499011666766 3.004111016410886
v 0.03578668672152219 11.481421273225083 0.0005643511176935956
v 0.07749078636551765 11.505499011666766 3.004111016410886
v 0.03578668672152219 11.481421141935893 3.0041110153584087
v 0.07749078636551765 11.505499142955955 0.00056435217017059
v 0.10579601621148882 11.544457957066635 0.000564353873114376
v 0.10579601621148882 11.544457825777446 3.0041110181138295
v 0.07749078636551765 11.505499142955955 0.00056435217017059
v 0.10579601621148882 11.544457825777446 3.0041110181138295
v 0.07749078636551765 11.505499011666766 3.004111016410886
v 0.10579601621148882 11.544457957066635 0.000564353873114376
v 0.1158081667892219 11.591561383377377 0.0005643559320704927
v 0.1158081667892219 11.591561252088187 3.004111020172786
v 0.10579601621148882 11.544457957066635 0.000564353873114376
v 0.1158081667892219 11.591561252088187 3.004111020172786
v 0.10579601621148882 11.544457825777446 3.0041110181138295
v 0.1158081667892219 11.591561383377377 0.0005643559320704927
v 0.10579600391854171 11.638664769732188 0.0006524589137633097
v 0.10579600391854171 11.63866463844685 3.00411102223174
v 0.1158081667892219 11.591561383377377 0.0005643559320704927
v 0.10579600391854171 11.63866463844685 3.00411102223174
v 0.1158081667892219 11.591561252088187 3.004111020172786
v 0.0774907925119912 11.677623586916106 0.0006524606167073177
v 0.10579600391854171 11.638664769732188 0.0006524589137633097
v 0.1158081667892219 11.591561383377377 0.0005643559320704927
v 0.10579601621148882 11.544457957066635 0.000564353873114376
v 0.0774907925119912 11.677623586916106 0.0006524606167073177
v 0.1158081667892219 11.591561383377377 0.0005643559320704927
v 0.0774907925119912 11.677623586916106 0.0006524606167073177
v 0.10579601621148882 11.544457957066635 0.000564353873114376
v 0.07749078636551765 11.505499142955955 0.00056435217017059
v 0.03578668672152219 11.481421273225083 0.0005643511176935956
v 0.0774907925119912 11.677623586916106 0.0006524606167073177
v 0.07749078636551765 11.505499142955955 0.00056435217017059
v 0.0774907925119912 11.677623586916106 0.0006524606167073177
v 0.03578668672152219 11.481421273225083 0.0005643511176935956
v -0.012105256083375204 11.476387643295281 0.00056435089766671
v -0.05790408339461095 11.491268581524764 0.000652452470871534
v 0.0774907925119912 11.677623586916106 0.0006524606167073177
v -0.012105256083375204 11.476387643295281 0.00056435089766671
v 0.0774907925119912 11.677623586916106 0.0006524606167073177
v -0.05790408339461095 11.491268581524764 0.000652452470871534
v -0.09369077011613314 11.523491063455698 0.0006524538793608592
v -0.11327746694056628 11.567483524398982 0.000652455802332419
v 0.0774907925119912 11.677623586916106 0.0006524606167073177
v -0.09369077011613314 11.523491063455698 0.0006524538793608592
v 0.0774907925119912 11.677623586916106 0.0006524606167073177
v -0.11327746694056628 11.567483524398982 0.000652455802332419
v -0.11327746694056628 11.615639263860727 0.0006524579072864078
v -0.09369074553023893 11.6596317155843 0.0006524598302575235
v 0.0774907925119912 11.677623586916106 0.0006524606167073177
v -0.11327746694056628 11.615639263860727 0.0006524579072864078
v 0.0774907925119912 11.677623586916106 0.0006524606167073177
v -0.09369074553023893 11.6596317155843 0.0006524598302575235
v -0.05790405880871674 11.69185419136876 0.0006524612387466266
v -0.012105228424244219 11.706735123455621 0.0006524618892127521
v 0.0774907925119912 11.677623586916106 0.0006524606167073177
v -0.05790405880871674 11.69185419136876 0.0006524612387466266
v 0.0774907925119912 11.677623586916106 0.0006524606167073177
v -0.012105228424244219 11.706735123455621 0.0006524618892127521
v 0.035786705160942844 11.701701468939925 0.0006524616691847562
v 0.1158081667892219 11.591561252088187 3.004111020172786
v 0.10579600391854171 11.63866463844685 3.00411102223174
v 0.0774907925119912 11.677623455630767 3.0041110239346844
v 0.035786705160942844 11.701701337654587 3.0041110249871616
v 0.1158081667892219 11.591561252088187 3.004111020172786
v 0.0774907925119912 11.677623455630767 3.0041110239346844
v 0.1158081667892219 11.591561252088187 3.004111020172786
v 0.035786705160942844 11.701701337654587 3.0041110249871616
v -0.012105228424244219 11.706734992170283 3.0041110252071896
v -0.05790405880871674 11.691854060083422 3.0041110245567237
v 0.1158081667892219 11.591561252088187 3.004111020172786
v -0.012105228424244219 11.706734992170283 3.0041110252071896
v 0.1158081667892219 11.591561252088187 3.004111020172786
v -0.05790405880871674 11.691854060083422 3.0041110245567237
v -0.09369074553023893 11.659631584298962 3.0041110231482344
v -0.11327746694056628 11.615639132575389 3.0041110212252633
v 0.1158081667892219 11.591561252088187 3.004111020172786
v -0.09369074553023893 11.659631584298962 3.0041110231482344
v 0.1158081667892219 11.591561252088187 3.004111020172786
v -0.11327746694056628 11.615639132575389 3.0041110212252633
v -0.11327746694056628 11.567483393113644 3.0041110191203093
v -0.09369077011613314 11.52349093217036 3.0041110171973378
v 0.1158081667892219 11.591561252088187 3.004111020172786
v -0.11327746694056628 11.567483393113644 3.0041110191203093
v 0.1158081667892219 11.591561252088187 3.004111020172786
v -0.09369077011613314 11.52349093217036 3.0041110171973378
v -0.05790408339461095 11.491268450239426 3.0041110157888484
v -0.012105256083375204 11.476387512006092 3.004111015138382
v 0.1158081667892219 11.591561252088187 3.004111020172786
v -0.05790408339461095 11.491268450239426 3.0041110157888484
v 0.1158081667892219 11.591561252088187 3.004111020172786
v -0.012105256083375204 11.476387512006092 3.004111015138382
v 0.03578668672152219 11.481421141935893 3.0041110153584087
v 0.07749078636551765 11.505499011666766 3.004111016410886
v 0.1158081667892219 11.591561252088187 3.004111020172786
v 0.03578668672152219 11.481421141935893 3.0041110153584087
v 0.1158081667892219 11.591561252088187 3.004111020172786
v 0.07749078636551765 11.505499011666766 3.004111016410886
v 0.10579601621148882 11.544457825777446 3.0041110181138295
vt -0.19633284211158752 0.08092749118804932
vt -0.1924516260623932 0.0770462155342102
vt 0.5118377804756165 0.781335711479187
vt -0.19633284211158752 0.08092749118804932
vt 0.5118377804756165 0.781335711479187
vt 0.5079566240310669 0.7852169275283813
vt -0.1924516260623932 0.0770462155342102
vt -0.18673312664031982 0.07132768630981445
vt 0.517556369304657 0.7756171822547913
vt -0.1924516260623932 0.0770462155342102
vt 0.517556369304657 0.7756171822547913
vt 0.5118377804756165 0.781335711479187
vt -0.18673312664031982 0.07132768630981445
vt -0.1801661252975464 0.06476068496704102
vt 0.5241233706474304 0.769050121307373
vt -0.18673312664031982 0.07132768630981445
vt 0.5241233706474304 0.769050121307373
vt 0.517556369304657 0.7756171822547913
vt -0.1801661252975464 0.06476068496704102
vt -0.17388609051704407 0.05848062038421631
vt 0.5304033160209656 0.7627701759338379
vt -0.1801661252975464 0.06476068496704102
vt 0.5304033160209656 0.7627701759338379
vt 0.5241233706474304 0.769050121307373
vt -0.17388609051704407 0.05848062038421631
vt -0.16897892951965332 0.053573548793792725
vt 0.5353105068206787 0.7578630447387695
vt -0.17388609051704407 0.05848062038421631
vt 0.5353105068206787 0.7578630447387695
vt 0.5304033160209656 0.7627701759338379
vt 0.5028549432754517 0.7903188467025757
vt 0.4968227744102478 0.7963510751724243
vt -0.207466721534729 0.09206169843673706
vt 0.5028549432754517 0.7903188467025757
vt -0.207466721534729 0.09206169843673706
vt -0.2014344036579132 0.08602941036224365
vt 0.4968227744102478 0.7963510751724243
vt 0.4902195334434509 0.8029543161392212
vt -0.21406984329223633 0.09866493940353394
vt 0.4968227744102478 0.7963510751724243
vt -0.21406984329223633 0.09866493940353394
vt -0.207466721534729 0.09206169843673706
vt 0.4902195334434509 0.8029543161392212
vt 0.48418721556663513 0.8089866042137146
vt -0.2201022207736969 0.10469722747802734
vt 0.4902195334434509 0.8029543161392212
vt -0.2201022207736969 0.10469722747802734
vt -0.21406984329223633 0.09866493940353394
vt 0.48418721556663513 0.8089866042137146
vt 0.4797687828540802 0.8134050369262695
vt -0.22452059388160706 0.10911566019058228
vt 0.48418721556663513 0.8089866042137146
vt -0.22452059388160706 0.10911566019058228
vt -0.2201022207736969 0.10469722747802734
vt 0.4744078814983368 0.8187659382820129
vt 0.4650484025478363 0.8219665288925171
vt -0.23616153001785278 0.12075662612915039
vt 0.4744078814983368 0.8187659382820129
vt -0.23616153001785278 0.12075662612915039
vt -0.22988149523735046 0.11447656154632568
vt 0.4650484025478363 0.8219665288925171
vt 0.45848143100738525 0.8285335302352905
vt -0.24272853136062622 0.12732362747192383
vt 0.4650484025478363 0.8219665288925171
vt -0.24272853136062622 0.12732362747192383
vt -0.23616153001785278 0.12075662612915039
vt 0.45848143100738525 0.8285335302352905
vt 0.4527628719806671 0.834252119064331
vt -0.24844709038734436 0.1330420970916748
vt 0.45848143100738525 0.8285335302352905
vt -0.24844709038734436 0.1330420970916748
vt -0.24272853136062622 0.12732362747192383
vt 0.4527628719806671 0.834252119064331
vt 0.44888171553611755 0.8381332159042358
vt -0.2523282766342163 0.13692325353622437
vt 0.4527628719806671 0.834252119064331
vt -0.2523282766342163 0.13692325353622437
vt -0.24844709038734436 0.1330420970916748
vt 0.4441744089126587 0.8428406715393066
vt 0.4377155005931854 0.8492995500564575
vt -0.26349449157714844 0.14808958768844604
vt 0.4441744089126587 0.8428406715393066
vt -0.26349449157714844 0.14808958768844604
vt -0.25703561305999756 0.14163070917129517
vt 0.4377155005931854 0.8492995500564575
vt 0.43433600664138794 0.8588377833366394
vt -0.2699533700942993 0.15454846620559692
vt 0.4377155005931854 0.8492995500564575
vt -0.2699533700942993 0.15454846620559692
vt -0.26349449157714844 0.14808958768844604
vt 0.36279529333114624 0.9223949313163757
vt 0.3535720109939575 0.9209340810775757
vt 0.34574025869369507 0.9158480167388916
vt 0.34065425395965576 0.9080163240432739
vt 0.36279529333114624 0.9223949313163757
vt 0.34574025869369507 0.9158480167388916
vt 0.36279529333114624 0.9223949313163757
vt 0.34065425395965576 0.9080163240432739
vt 0.33919331431388855 0.8987930417060852
vt 0.341610312461853 0.8897728323936462
vt 0.36279529333114624 0.9223949313163757
vt 0.33919331431388855 0.8987930417060852
vt 0.36279529333114624 0.9223949313163757
vt 0.341610312461853 0.8897728323936462
vt 0.3474871516227722 0.8825156092643738
vt 0.3558075726032257 0.8782761096954346
vt 0.36279529333114624 0.9223949313163757
vt 0.3474871516227722 0.8825156092643738
vt 0.36279529333114624 0.9223949313163757
vt 0.3558075726032257 0.8782761096954346
vt 0.3651331067085266 0.8777872920036316
vt 0.37385115027427673 0.8811339139938354
vt 0.36279529333114624 0.9223949313163757
vt 0.3651331067085266 0.8777872920036316
vt 0.36279529333114624 0.9223949313163757
vt 0.37385115027427673 0.8811339139938354
vt 0.3804543614387512 0.8877370953559875
vt 0.3838009238243103 0.8964551091194153
vt 0.36279529333114624 0.9223949313163757
vt 0.3804543614387512 0.8877370953559875
vt 0.36279529333114624 0.9223949313163757
vt 0.3838009238243103 0.8964551091194153
vt 0.3833121955394745 0.9057806134223938
vt 0.3790726363658905 0.9141011834144592
vt 0.36279529333114624 0.9223949313163757
vt 0.3833121955394745 0.9057806134223938
vt 0.36279529333114624 0.9223949313163757
vt 0.3790726363658905 0.9141011834144592
vt 0.37181544303894043 0.9199779629707336
vt 0.38194572925567627 0.8796426057815552
vt 0.3768596649169922 0.871810793876648
vt 0.3753988742828369 0.8625874519348145
vt 0.37781575322151184 0.8535673022270203
vt 0.38194572925567627 0.8796426057815552
vt 0.3753988742828369 0.8625874519348145
vt 0.38194572925567627 0.8796426057815552
vt 0.37781575322151184 0.8535673022270203
vt 0.38369250297546387 0.8463101387023926
vt 0.3920131325721741 0.8420707583427429
vt 0.38194572925567627 0.8796426057815552
vt 0.38369250297546387 0.8463101387023926
vt 0.38194572925567627 0.8796426057815552
vt 0.3920131325721741 0.8420707583427429
vt 0.40133848786354065 0.8415818810462952
vt 0.4100567102432251 0.844928503036499
vt 0.38194572925567627 0.8796426057815552
vt 0.40133848786354065 0.8415818810462952
vt 0.38194572925567627 0.8796426057815552
vt 0.4100567102432251 0.844928503036499
vt 0.41665977239608765 0.8515315651893616
vt 0.4200063943862915 0.8602497577667236
vt 0.38194572925567627 0.8796426057815552
vt 0.41665977239608765 0.8515315651893616
vt 0.38194572925567627 0.8796426057815552
vt 0.4200063943862915 0.8602497577667236
vt 0.4195175766944885 0.8695752024650574
vt 0.41527819633483887 0.877895712852478
vt 0.38194572925567627 0.8796426057815552
vt 0.4195175766944885 0.8695752024650574
vt 0.38194572925567627 0.8796426057815552
vt 0.41527819633483887 0.877895712852478
vt 0.40802088379859924 0.8837724328041077
vt 0.3990008234977722 0.8861894607543945
vt 0.38194572925567627 0.8796426057815552
vt 0.40802088379859924 0.8837724328041077
vt 0.38194572925567627 0.8796426057815552
vt 0.3990008234977722 0.8861894607543945
vt 0.38977742195129395 0.8847285509109497
vn 0.9136320384068942 0.40654212376636073 1.777051990618957e-8
vn 0.6691308439214523 0.7431446115750043 3.2483881349662076e-8
vn 0.6691308439214523 0.7431446115750043 3.2483881349662076e-8
vn 0.9136320384068942 0.40654212376636073 1.777051990618957e-8
vn 0.6691308439214523 0.7431446115750043 3.2483881349662076e-8
vn 0.9135460478724062 0.40673531739536345 1.7778964667576767e-8
vn 0.6691308439214523 0.7431446115750043 3.2483881349662076e-8
vn 0.3090172104800834 0.9510564460783104 4.157199590771848e-8
vn 0.3090172104800834 0.9510564460783104 4.157199590771848e-8
vn 0.6691308439214523 0.7431446115750043 3.2483881349662076e-8
vn 0.3090172104800834 0.9510564460783104 4.157199590771848e-8
vn 0.6691308439214523 0.7431446115750043 3.2483881349662076e-8
vn 0.3090172104800834 0.9510564460783104 4.157199590771848e-8
vn -0.1045283001072703 0.9945219125171061 4.347193171107868e-8
vn -0.1045283001072703 0.9945219125171061 4.347193171107868e-8
vn 0.3090172104800834 0.9510564460783104 4.157199590771848e-8
vn -0.1045283001072703 0.9945219125171061 4.347193171107868e-8
vn 0.3090172104800834 0.9510564460783104 4.157199590771848e-8
vn -0.1045283001072703 0.9945219125171061 4.347193171107868e-8
vn -0.499999862246664 0.8660254833163489 3.785517462908056e-8
vn -0.499999862246664 0.8660254833163489 3.785517462908056e-8
vn -0.1045283001072703 0.9945219125171061 4.347193171107868e-8
vn -0.499999862246664 0.8660254833163489 3.785517462908056e-8
vn -0.1045283001072703 0.9945219125171061 4.347193171107868e-8
vn -0.499999862246664 0.8660254833163489 3.785517462908056e-8
vn -0.8090168465990117 0.5877854556885452 2.5692917238782506e-8
vn -0.8090168465990117 0.5877854556885452 2.5692917238782506e-8
vn -0.499999862246664 0.8660254833163489 3.785517462908056e-8
vn -0.8090168465990117 0.5877854556885452 2.5692917238782506e-8
vn -0.499999862246664 0.8660254833163489 3.785517462908056e-8
vn -0.8090168465990117 0.5877854556885452 2.5692917238782506e-8
vn -0.9781475549506937 0.207911906210249 9.088117692466308e-9
vn -0.9781475549506937 0.207911906210249 9.088117692466308e-9
vn -0.8090168465990117 0.5877854556885452 2.5692917238782506e-8
vn -0.9781475549506937 0.207911906210249 9.088117692466308e-9
vn -0.8090168465990117 0.5877854556885452 2.5692917238782506e-8
vn -0.9781475549506937 0.207911906210249 9.088117692466308e-9
vn -0.9781476116210176 -0.20791163959744785 -9.088106038451108e-9
vn -0.9781476116210176 -0.20791163959744785 -9.088106038451108e-9
vn -0.9781475549506937 0.207911906210249 9.088117692466308e-9
vn -0.9781476116210176 -0.20791163959744785 -9.088106038451108e-9
vn -0.9781475549506937 0.207911906210249 9.088117692466308e-9
vn -0.9781476116210176 -0.20791163959744785 -9.088106038451108e-9
vn -0.8090170500961854 -0.5877851755987603 -2.569290499566966e-8
vn -0.8090170500961854 -0.5877851755987603 -2.569290499566966e-8
vn -0.9781476116210176 -0.20791163959744785 -9.088106038451108e-9
vn -0.8090170500961854 -0.5877851755987603 -2.569290499566966e-8
vn -0.9781476116210176 -0.20791163959744785 -9.088106038451108e-9
vn -0.8090170500961854 -0.5877851755987603 -2.569290499566966e-8
vn -0.4998155611241879 -0.8661318634354194 -3.785982465158227e-8
vn -0.4999987289748043 -0.8660261376099332 -3.7855203229160316e-8
vn -0.8090170500961854 -0.5877851755987603 -2.569290499566966e-8
vn -0.4999987289748043 -0.8660261376099332 -3.7855203229160316e-8
vn -0.8090170500961854 -0.5877851755987603 -2.569290499566966e-8
vn -0.4998155611241879 -0.8661318634354194 -3.785982465158227e-8
vn -0.1043163653707879 -0.9945441648895369 -4.3472904393130785e-8
vn -0.10452709625447537 -0.9945220390461971 -4.347193724184068e-8
vn -0.4998155611241879 -0.8661318634354194 -3.785982465158227e-8
vn -0.10452709625447537 -0.9945220390461971 -4.347193724184068e-8
vn -0.4999987289748043 -0.8660261376099332 -3.7855203229160316e-8
vn -0.1043163653707879 -0.9945441648895369 -4.3472904393130785e-8
vn 0.309016788615936 -0.9510565831502835 -4.157200189932449e-8
vn 0.309016788615936 -0.9510565831502835 -4.157200189932449e-8
vn -0.1043163653707879 -0.9945441648895369 -4.3472904393130785e-8
vn 0.309016788615936 -0.9510565831502835 -4.157200189932449e-8
vn -0.10452709625447537 -0.9945220390461971 -4.347193724184068e-8
vn 0.309016788615936 -0.9510565831502835 -4.157200189932449e-8
vn 0.6691305936951912 -0.7431448368798103 -3.248389119804753e-8
vn 0.6691305936951912 -0.7431448368798103 -3.248389119804753e-8
vn 0.309016788615936 -0.9510565831502835 -4.157200189932449e-8
vn 0.6691305936951912 -0.7431448368798103 -3.248389119804753e-8
vn 0.309016788615936 -0.9510565831502835 -4.157200189932449e-8
vn 0.6691305936951912 -0.7431448368798103 -3.248389119804753e-8
vn 0.9135454521622745 -0.4067366553848142 -1.777902315146531e-8
vn 0.9135454521622745 -0.4067366553848142 -1.777902315146531e-8
vn 0.6691305936951912 -0.7431448368798103 -3.248389119804753e-8
vn 0.9135454521622745 -0.4067366553848142 -1.777902315146531e-8
vn 0.6691305936951912 -0.7431448368798103 -3.248389119804753e-8
vn 0.9135454521622745 -0.4067366553848142 -1.777902315146531e-8
vn 0.9999999772450009 -0.00021333072314755162 -9.32498021005598e-12
vn 0.9999999999989617 -0.0000014409802133726333 -6.2985757594046e-14
vn 0.9135454521622745 -0.4067366553848142 -1.777902315146531e-8
vn 0.9999999999989617 -0.0000014409802133726333 -6.2985757594046e-14
vn 0.9135454521622745 -0.4067366553848142 -1.777902315146531e-8
vn 0.9999999772450009 -0.00021333072314755162 -9.32498021005598e-12
vn 0.9136320384068942 0.40654212376636073 1.777051990618957e-8
vn 0.9135460478724062 0.40673531739536345 1.7778964667576767e-8
vn 0.9999999772450009 -0.00021333072314755162 -9.32498021005598e-12
vn 0.9135460478724062 0.40673531739536345 1.7778964667576767e-8
vn 0.9999999999989617 -0.0000014409802133726333 -6.2985757594046e-14
vn -0.00028271091482247204 0.0003146551404052946 -0.9999999105333366
vn -0.0002827109149902643 0.000314655155690348 -0.9999999105333316
vn -0.000282710897803792 0.0003146551404052961 -0.9999999105333415
vn -0.0002827109149902643 0.000314655155690348 -0.9999999105333316
vn -0.00028271091482247204 0.0003146551404052946 -0.9999999105333366
vn -0.000282710897803792 0.0003146551404052961 -0.9999999105333415
vn -0.00028271091482247204 0.0003146551404052946 -0.9999999105333366
vn -0.0002827109149902643 0.000314655155690348 -0.9999999105333316
vn -0.00028271091482247204 0.0003146551404052946 -0.9999999105333366
vn -0.00028271091482247204 0.0003146551404052946 -0.9999999105333366
vn -0.00028271091482247204 0.0003146551404052946 -0.9999999105333366
vn -0.00028271091482247204 0.0003146551404052946 -0.9999999105333366
vn -0.00028271091482247204 0.0003146551404052946 -0.9999999105333366
vn -0.00028271091482247204 0.0003146551404052946 -0.9999999105333366
vn -0.000282710897803792 0.0003146551404052961 -0.9999999105333415
vn -0.0002827109149902643 0.000314655155690348 -0.9999999105333316
vn -0.00028271091482247204 0.0003146551404052946 -0.9999999105333366
vn -0.000282710897803792 0.0003146551404052961 -0.9999999105333415
vn -0.00028271091482247204 0.0003146551404052946 -0.9999999105333366
vn -0.0002827109149902643 0.000314655155690348 -0.9999999105333316
vn -0.00028271091482247204 0.0003146551404052946 -0.9999999105333366
vn -0.00028271091482247204 0.0003146551404052946 -0.9999999105333366
vn -0.00028271091482247204 0.0003146551404052946 -0.9999999105333366
vn -0.00028271091482247204 0.0003146551404052946 -0.9999999105333366
vn -0.00028271091482247204 0.0003146551404052946 -0.9999999105333366
vn -0.00028271091482247204 0.0003146551404052946 -0.9999999105333366
vn -0.0002827109320089434 0.00031465515569034647 -0.9999999105333269
vn -0.0002827109149902643 0.000314655155690348 -0.9999999105333316
vn -0.00028271091482247204 0.0003146551404052946 -0.9999999105333366
vn -0.0002827109320089434 0.00031465515569034647 -0.9999999105333269
vn -0.00028271091482247204 0.0003146551404052946 -0.9999999105333366
vn -0.0002827109149902643 0.000314655155690348 -0.9999999105333316
vn -0.0002827109320089434 0.00031465515569034647 -0.9999999105333269
vn -0.00028271091482247204 0.0003146551404052946 -0.9999999105333366
vn -0.00028271091482247204 0.0003146551404052946 -0.9999999105333366
vn -0.0002827109320089434 0.00031465515569034647 -0.9999999105333269
vn -0.00028271091482247204 0.0003146551404052946 -0.9999999105333366
vn -0.00028271091482247204 0.0003146551404052946 -0.9999999105333366
vn -0.00028271091482247204 0.0003146551404052946 -0.9999999105333366
vn 0 1.0123744935464306e-7 0.9999999999999949
vn 0 1.0123744935464306e-7 0.9999999999999949
vn 0 1.0123744935464306e-7 0.9999999999999949
vn 0 1.0123744935464306e-7 0.9999999999999949
vn 0 1.0123744935464306e-7 0.9999999999999949
vn 0 1.0123744935464306e-7 0.9999999999999949
vn 0 1.0123744935464306e-7 0.9999999999999949
vn 0 1.0123744935464306e-7 0.9999999999999949
vn 0 1.0123744935464306e-7 0.9999999999999949
vn 0 1.0123744935464306e-7 0.9999999999999949
vn 0 1.0123744935464306e-7 0.9999999999999949
vn 0 1.0123744935464306e-7 0.9999999999999949
vn 0 1.0123744935464306e-7 0.9999999999999949
vn 0 1.0123744935464306e-7 0.9999999999999949
vn 0 1.0123744935464306e-7 0.9999999999999949
vn 0 1.0123744935464306e-7 0.9999999999999949
vn 0 1.0123744935464306e-7 0.9999999999999949
vn 0 1.0123744935464306e-7 0.9999999999999949
vn 0 1.0123744935464306e-7 0.9999999999999949
vn 0 1.0123744935464306e-7 0.9999999999999949
vn 0 1.0123744935464306e-7 0.9999999999999949
vn 0 1.0123744935464306e-7 0.9999999999999949
vn 0 1.0123744935464306e-7 0.9999999999999949
vn 0 1.0123744935464306e-7 0.9999999999999949
vn 0 1.0123744935464306e-7 0.9999999999999949
vn 0 1.0123744935464306e-7 0.9999999999999949
vn 0 1.0123744935464306e-7 0.9999999999999949
vn 0 1.0123744935464306e-7 0.9999999999999949
vn 0 1.0123744935464306e-7 0.9999999999999949
vn 0 1.0123744935464306e-7 0.9999999999999949
vn 0 1.0123744935464306e-7 0.9999999999999949
vn 0 1.0123744935464306e-7 0.9999999999999949
vn 0 1.0123744935464306e-7 0.9999999999999949
vn 0 1.0123744935464306e-7 0.9999999999999949
vn 0 1.0123744935464306e-7 0.9999999999999949
vn 0 1.0123744935464306e-7 0.9999999999999949
vn 0 1.0123744935464306e-7 0.9999999999999949
vn 0 1.0123744935464306e-7 0.9999999999999949
vn 0 1.0123744935464306e-7 0.9999999999999949
f 1177/1177/1177 1178/1178/1178 1179/1179/1179
f 1180/1180/1180 1181/1181/1181 1182/1182/1182
f 1183/1183/1183 1184/1184/1184 1185/1185/1185
f 1186/1186/1186 1187/1187/1187 1188/1188/1188
f 1189/1189/1189 1190/1190/1190 1191/1191/1191
f 1192/1192/1192 1193/1193/1193 1194/1194/1194
f 1195/1195/1195 1196/1196/1196 1197/1197/1197
f 1198/1198/1198 1199/1199/1199 1200/1200/1200
f 1201/1201/1201 1202/1202/1202 1203/1203/1203
f 1204/1204/1204 1205/1205/1205 1206/1206/1206
f 1207/1207/1207 1208/1208/1208 1209/1209/1209
f 1210/1210/1210 1211/1211/1211 1212/1212/1212
f 1213/1213/1213 1214/1214/1214 1215/1215/1215
f 1216/1216/1216 1217/1217/1217 1218/1218/1218
f 1219/1219/1219 1220/1220/1220 1221/1221/1221
f 1222/1222/1222 1223/1223/1223 1224/1224/1224
f 1225/1225/1225 1226/1226/1226 1227/1227/1227
f 1228/1228/1228 1229/1229/1229 1230/1230/1230
f 1231/1231/1231 1232/1232/1232 1233/1233/1233
f 1234/1234/1234 1235/1235/1235 1236/1236/1236
f 1237/1237/1237 1238/1238/1238 1239/1239/1239
f 1240/1240/1240 1241/1241/1241 1242/1242/1242
f 1243/1243/1243 1244/1244/1244 1245/1245/1245
f 1246/1246/1246 1247/1247/1247 1248/1248/1248
f 1249/1249/1249 1250/1250/1250 1251/1251/1251
f 1252/1252/1252 1253/1253/1253 1254/1254/1254
f 1255/1255/1255 1256/1256/1256 1257/1257/1257
f 1258/1258/1258 1259/1259/1259 1260/1260/1260
f 1261/1261/1261 1262/1262/1262 1263/1263/1263
f 1264/1264/1264 1265/1265/1265 1266/1266/1266
f 1267/1267/1267 1268/1268/1268 1269/1269/1269
f 1270/1270/1270 1271/1271/1271 1272/1272/1272
f 1273/1273/1273 1274/1274/1274 1275/1275/1275
f 1276/1276/1276 1277/1277/1277 1278/1278/1278
f 1279/1279/1279 1280/1280/1280 1281/1281/1281
f 1282/1282/1282 1283/1283/1283 1284/1284/1284
f 1285/1285/1285 1286/1286/1286 1287/1287/1287
f 1288/1288/1288 1289/1289/1289 1290/1290/1290
f 1291/1291/1291 1292/1292/1292 1293/1293/1293
f 1294/1294/1294 1295/1295/1295 1296/1296/1296
f 1297/1297/1297 1298/1298/1298 1299/1299/1299
f 1300/1300/1300 1301/1301/1301 1302/1302/1302
f 1303/1303/1303 1304/1304/1304 1305/1305/1305
f 1306/1306/1306 1307/1307/1307 1308/1308/1308
f 1309/1309/1309 1310/1310/1310 1311/1311/1311
f 1312/1312/1312 1313/1313/1313 1314/1314/1314
f 1315/1315/1315 1316/1316/1316 1317/1317/1317
f 1318/1318/1318 1319/1319/1319 1320/1320/1320
f 1321/1321/1321 1322/1322/1322 1323/1323/1323
f 1324/1324/1324 1325/1325/1325 1326/1326/1326
f 1327/1327/1327 1328/1328/1328 1329/1329/1329
f 1330/1330/1330 1331/1331/1331 1332/1332/1332
f 1333/1333/1333 1334/1334/1334 1335/1335/1335
f 1336/1336/1336 1337/1337/1337 1338/1338/1338
f 1339/1339/1339 1340/1340/1340 1341/1341/1341
f 1342/1342/1342 1343/1343/1343 1344/1344/1344
o stair8
usemtl Roof
v 0.10579600391854171 13.686076688372324 0.0006524589137633097
v 0.0774907925119912 13.725035505556242 0.0006524606167073177
v 0.0774907925119912 13.725035374270904 3.0041110239346844
v 0.10579600391854171 13.686076688372324 0.0006524589137633097
v 0.0774907925119912 13.725035374270904 3.0041110239346844
v 0.10579600391854171 13.686076557086986 3.00411102223174
v 0.0774907925119912 13.725035505556242 0.0006524606167073177
v 0.035786705160942844 13.749113387580062 0.0006524616691847562
v 0.035786705160942844 13.749113256294724 3.0041110249871616
v 0.0774907925119912 13.725035505556242 0.0006524606167073177
v 0.035786705160942844 13.749113256294724 3.0041110249871616
v 0.0774907925119912 13.725035374270904 3.0041110239346844
v 0.035786705160942844 13.749113387580062 0.0006524616691847562
v -0.012105228424244219 13.754147042095758 0.0006524618892127521
v -0.012105228424244219 13.75414691081042 3.0041110252071896
v 0.035786705160942844 13.749113387580062 0.0006524616691847562
v -0.012105228424244219 13.75414691081042 3.0041110252071896
v 0.035786705160942844 13.749113256294724 3.0041110249871616
v -0.012105228424244219 13.754147042095758 0.0006524618892127521
v -0.05790405880871674 13.739266110008897 0.0006524612387466266
v -0.05790405880871674 13.739265978723559 3.0041110245567237
v -0.012105228424244219 13.754147042095758 0.0006524618892127521
v -0.05790405880871674 13.739265978723559 3.0041110245567237
v -0.012105228424244219 13.75414691081042 3.0041110252071896
v -0.05790405880871674 13.739266110008897 0.0006524612387466266
v -0.09369074553023893 13.707043634224437 0.0006524598302575235
v -0.09369074553023893 13.707043502939099 3.0041110231482344
v -0.05790405880871674 13.739266110008897 0.0006524612387466266
v -0.09369074553023893 13.707043502939099 3.0041110231482344
v -0.05790405880871674 13.739265978723559 3.0041110245567237
v -0.09369074553023893 13.707043634224437 0.0006524598302575235
v -0.11327746694056628 13.663051182500864 0.0006524579072864078
v -0.11327746694056628 13.663051051215525 3.0041110212252633
v -0.09369074553023893 13.707043634224437 0.0006524598302575235
v -0.11327746694056628 13.663051051215525 3.0041110212252633
v -0.09369074553023893 13.707043502939099 3.0041110231482344
v -0.11327746694056628 13.663051182500864 0.0006524579072864078
v -0.11327746694056628 13.614895443039119 0.000652455802332419
v -0.11327746694056628 13.61489531175378 3.0041110191203093
v -0.11327746694056628 13.663051182500864 0.0006524579072864078
v -0.11327746694056628 13.61489531175378 3.0041110191203093
v -0.11327746694056628 13.663051051215525 3.0041110212252633
v -0.11327746694056628 13.614895443039119 0.000652455802332419
v -0.09369077011613314 13.570902982095834 0.0006524538793608592
v -0.09369077011613314 13.570902850810496 3.0041110171973378
v -0.11327746694056628 13.614895443039119 0.000652455802332419
v -0.09369077011613314 13.570902850810496 3.0041110171973378
v -0.11327746694056628 13.61489531175378 3.0041110191203093
v -0.09369077011613314 13.570902982095834 0.0006524538793608592
v -0.05790408339461095 13.5386805001649 0.000652452470871534
v -0.05790408339461095 13.538680368879563 3.0041110157888484
v -0.09369077011613314 13.570902982095834 0.0006524538793608592
v -0.05790408339461095 13.538680368879563 3.0041110157888484
v -0.09369077011613314 13.570902850810496 3.0041110171973378
v -0.05790408339461095 13.5386805001649 0.000652452470871534
v -0.012105256083375204 13.523799561935418 0.00056435089766671
v -0.012105256083375204 13.523799430646228 3.004111015138382
v -0.05790408339461095 13.5386805001649 0.000652452470871534
v -0.012105256083375204 13.523799430646228 3.004111015138382
v -0.05790408339461095 13.538680368879563 3.0041110157888484
v -0.012105256083375204 13.523799561935418 0.00056435089766671
v 0.03578668672152219 13.52883319186522 0.0005643511176935956
v 0.03578668672152219 13.52883306057603 3.0041110153584087
v -0.012105256083375204 13.523799561935418 0.00056435089766671
v 0.03578668672152219 13.52883306057603 3.0041110153584087
v -0.012105256083375204 13.523799430646228 3.004111015138382
v 0.03578668672152219 13.52883319186522 0.0005643511176935956
v 0.07749078636551765 13.552911061596092 0.00056435217017059
v 0.07749078636551765 13.552910930306902 3.004111016410886
v 0.03578668672152219 13.52883319186522 0.0005643511176935956
v 0.07749078636551765 13.552910930306902 3.004111016410886
v 0.03578668672152219 13.52883306057603 3.0041110153584087
v 0.07749078636551765 13.552911061596092 0.00056435217017059
v 0.10579601621148882 13.591869875706772 0.000564353873114376
v 0.10579601621148882 13.591869744417583 3.0041110181138295
v 0.07749078636551765 13.552911061596092 0.00056435217017059
v 0.10579601621148882 13.591869744417583 3.0041110181138295
v 0.07749078636551765 13.552910930306902 3.004111016410886
v 0.10579601621148882 13.591869875706772 0.000564353873114376
v 0.1158081667892219 13.638973302017513 0.0005643559320704927
v 0.1158081667892219 13.638973170728324 3.004111020172786
v 0.10579601621148882 13.591869875706772 0.000564353873114376
v 0.1158081667892219 13.638973170728324 3.004111020172786
v 0.10579601621148882 13.591869744417583 3.0041110181138295
v 0.1158081667892219 13.638973302017513 0.0005643559320704927
v 0.10579600391854171 13.686076688372324 0.0006524589137633097
v 0.10579600391854171 13.686076557086986 3.00411102223174
v 0.1158081667892219 13.638973302017513 0.0005643559320704927
v 0.10579600391854171 13.686076557086986 3.00411102223174
v 0.1158081667892219 13.638973170728324 3.004111020172786
v 0.0774907925119912 13.725035505556242 0.0006524606167073177
v 0.10579600391854171 13.686076688372324 0.0006524589137633097
v 0.1158081667892219 13.638973302017513 0.0005643559320704927
v 0.10579601621148882 13.591869875706772 0.000564353873114376
v 0.0774907925119912 13.725035505556242 0.0006524606167073177
v 0.1158081667892219 13.638973302017513 0.0005643559320704927
v 0.0774907925119912 13.725035505556242 0.0006524606167073177
v 0.10579601621148882 13.591869875706772 0.000564353873114376
v 0.07749078636551765 13.552911061596092 0.00056435217017059
v 0.03578668672152219 13.52883319186522 0.0005643511176935956
v 0.0774907925119912 13.725035505556242 0.0006524606167073177
v 0.07749078636551765 13.552911061596092 0.00056435217017059
v 0.0774907925119912 13.725035505556242 0.0006524606167073177
v 0.03578668672152219 13.52883319186522 0.0005643511176935956
v -0.012105256083375204 13.523799561935418 0.00056435089766671
v -0.05790408339461095 13.5386805001649 0.000652452470871534
v 0.0774907925119912 13.725035505556242 0.0006524606167073177
v -0.012105256083375204 13.523799561935418 0.00056435089766671
v 0.0774907925119912 13.725035505556242 0.0006524606167073177
v -0.05790408339461095 13.5386805001649 0.000652452470871534
v -0.09369077011613314 13.570902982095834 0.0006524538793608592
v -0.11327746694056628 13.614895443039119 0.000652455802332419
v 0.0774907925119912 13.725035505556242 0.0006524606167073177
v -0.09369077011613314 13.570902982095834 0.0006524538793608592
v 0.0774907925119912 13.725035505556242 0.0006524606167073177
v -0.11327746694056628 13.614895443039119 0.000652455802332419
v -0.11327746694056628 13.663051182500864 0.0006524579072864078
v -0.09369074553023893 13.707043634224437 0.0006524598302575235
v 0.0774907925119912 13.725035505556242 0.0006524606167073177
v -0.11327746694056628 13.663051182500864 0.0006524579072864078
v 0.0774907925119912 13.725035505556242 0.0006524606167073177
v -0.09369074553023893 13.707043634224437 0.0006524598302575235
v -0.05790405880871674 13.739266110008897 0.0006524612387466266
v -0.012105228424244219 13.754147042095758 0.0006524618892127521
v 0.0774907925119912 13.725035505556242 0.0006524606167073177
v -0.05790405880871674 13.739266110008897 0.0006524612387466266
v 0.0774907925119912 13.725035505556242 0.0006524606167073177
v -0.012105228424244219 13.754147042095758 0.0006524618892127521
v 0.035786705160942844 13.749113387580062 0.0006524616691847562
v 0.1158081667892219 13.638973170728324 3.004111020172786
v 0.10579600391854171 13.686076557086986 3.00411102223174
v 0.0774907925119912 13.725035374270904 3.0041110239346844
v 0.035786705160942844 13.749113256294724 3.0041110249871616
v 0.1158081667892219 13.638973170728324 3.004111020172786
v 0.0774907925119912 13.725035374270904 3.0041110239346844
v 0.1158081667892219 13.638973170728324 3.004111020172786
v 0.035786705160942844 13.749113256294724 3.0041110249871616
v -0.012105228424244219 13.75414691081042 3.0041110252071896
v -0.05790405880871674 13.739265978723559 3.0041110245567237
v 0.1158081667892219 13.638973170728324 3.004111020172786
v -0.012105228424244219 13.75414691081042 3.0041110252071896
v 0.1158081667892219 13.638973170728324 3.004111020172786
v -0.05790405880871674 13.739265978723559 3.0041110245567237
v -0.09369074553023893 13.707043502939099 3.0041110231482344
v -0.11327746694056628 13.663051051215525 3.0041110212252633
v 0.1158081667892219 13.638973170728324 3.004111020172786
v -0.09369074553023893 13.707043502939099 3.0041110231482344
v 0.1158081667892219 13.638973170728324 3.004111020172786
v -0.11327746694056628 13.663051051215525 3.0041110212252633
v -0.11327746694056628 13.61489531175378 3.0041110191203093
v -0.09369077011613314 13.570902850810496 3.0041110171973378
v 0.1158081667892219 13.638973170728324 3.004111020172786
v -0.11327746694056628 13.61489531175378 3.0041110191203093
v 0.1158081667892219 13.638973170728324 3.004111020172786
v -0.09369077011613314 13.570902850810496 3.0041110171973378
v -0.05790408339461095 13.538680368879563 3.0041110157888484
v -0.012105256083375204 13.523799430646228 3.004111015138382
v 0.1158081667892219 13.638973170728324 3.004111020172786
v -0.05790408339461095 13.538680368879563 3.0041110157888484
v 0.1158081667892219 13.638973170728324 3.004111020172786
v -0.012105256083375204 13.523799430646228 3.004111015138382
v 0.03578668672152219 13.52883306057603 3.0041110153584087
v 0.07749078636551765 13.552910930306902 3.004111016410886
v 0.1158081667892219 13.638973170728324 3.004111020172786
v 0.03578668672152219 13.52883306057603 3.0041110153584087
v 0.1158081667892219 13.638973170728324 3.004111020172786
v 0.07749078636551765 13.552910930306902 3.004111016410886
v 0.10579601621148882 13.591869744417583 3.0041110181138295
vt -0.19633284211158752 0.08092749118804932
vt -0.1924516260623932 0.0770462155342102
vt 0.5118377804756165 0.781335711479187
vt -0.19633284211158752 0.08092749118804932
vt 0.5118377804756165 0.781335711479187
vt 0.5079566240310669 0.7852169275283813
vt -0.1924516260623932 0.0770462155342102
vt -0.18673312664031982 0.07132768630981445
vt 0.517556369304657 0.7756171822547913
vt -0.1924516260623932 0.0770462155342102
vt 0.517556369304657 0.7756171822547913
vt 0.5118377804756165 0.781335711479187
vt -0.18673312664031982 0.07132768630981445
vt -0.1801661252975464 0.06476068496704102
vt 0.5241233706474304 0.769050121307373
vt -0.18673312664031982 0.07132768630981445
vt 0.5241233706474304 0.769050121307373
vt 0.517556369304657 0.7756171822547913
vt -0.1801661252975464 0.06476068496704102
vt -0.17388609051704407 0.05848062038421631
vt 0.5304033160209656 0.7627701759338379
vt -0.1801661252975464 0.06476068496704102
vt 0.5304033160209656 0.7627701759338379
vt 0.5241233706474304 0.769050121307373
vt -0.17388609051704407 0.05848062038421631
vt -0.16897892951965332 0.053573548793792725
vt 0.5353105068206787 0.7578630447387695
vt -0.17388609051704407 0.05848062038421631
vt 0.5353105068206787 0.7578630447387695
vt 0.5304033160209656 0.7627701759338379
vt 0.5028549432754517 0.7903188467025757
vt 0.4968227744102478 0.7963510751724243
vt -0.207466721534729 0.09206169843673706
vt 0.5028549432754517 0.7903188467025757
vt -0.207466721534729 0.09206169843673706
vt -0.2014344036579132 0.08602941036224365
vt 0.4968227744102478 0.7963510751724243
vt 0.4902195334434509 0.8029543161392212
vt -0.21406984329223633 0.09866493940353394
vt 0.4968227744102478 0.7963510751724243
vt -0.21406984329223633 0.09866493940353394
vt -0.207466721534729 0.09206169843673706
vt 0.4902195334434509 0.8029543161392212
vt 0.48418721556663513 0.8089866042137146
vt -0.2201022207736969 0.10469722747802734
vt 0.4902195334434509 0.8029543161392212
vt -0.2201022207736969 0.10469722747802734
vt -0.21406984329223633 0.09866493940353394
vt 0.48418721556663513 0.8089866042137146
vt 0.4797687828540802 0.8134050369262695
vt -0.22452059388160706 0.10911566019058228
vt 0.48418721556663513 0.8089866042137146
vt -0.22452059388160706 0.10911566019058228
vt -0.2201022207736969 0.10469722747802734
vt 0.4744078814983368 0.8187659382820129
vt 0.4650484025478363 0.8219665288925171
vt -0.23616153001785278 0.12075662612915039
vt 0.4744078814983368 0.8187659382820129
vt -0.23616153001785278 0.12075662612915039
vt -0.22988149523735046 0.11447656154632568
vt 0.4650484025478363 0.8219665288925171
vt 0.45848143100738525 0.8285335302352905
vt -0.24272853136062622 0.12732362747192383
vt 0.4650484025478363 0.8219665288925171
vt -0.24272853136062622 0.12732362747192383
vt -0.23616153001785278 0.12075662612915039
vt 0.45848143100738525 0.8285335302352905
vt 0.4527628719806671 0.834252119064331
vt -0.24844709038734436 0.1330420970916748
vt 0.45848143100738525 0.8285335302352905
vt -0.24844709038734436 0.1330420970916748
vt -0.24272853136062622 0.12732362747192383
vt 0.4527628719806671 0.834252119064331
vt 0.44888171553611755 0.8381332159042358
vt -0.2523282766342163 0.13692325353622437
vt 0.4527628719806671 0.834252119064331
vt -0.2523282766342163 0.13692325353622437
vt -0.24844709038734436 0.1330420970916748
vt 0.4441744089126587 0.8428406715393066
vt 0.4377155005931854 0.8492995500564575
vt -0.26349449157714844 0.14808958768844604
vt 0.4441744089126587 0.8428406715393066
vt -0.26349449157714844 0.14808958768844604
vt -0.25703561305999756 0.14163070917129517
vt 0.4377155005931854 0.8492995500564575
vt 0.43433600664138794 0.8588377833366394
vt -0.2699533700942993 0.15454846620559692
vt 0.4377155005931854 0.8492995500564575
vt -0.2699533700942993 0.15454846620559692
vt -0.26349449157714844 0.14808958768844604
vt 0.36279529333114624 0.9223949313163757
vt 0.3535720109939575 0.9209340810775757
vt 0.34574025869369507 0.9158480167388916
vt 0.34065425395965576 0.9080163240432739
vt 0.36279529333114624 0.9223949313163757
vt 0.34574025869369507 0.9158480167388916
vt 0.36279529333114624 0.9223949313163757
vt 0.34065425395965576 0.9080163240432739
vt 0.33919331431388855 0.8987930417060852
vt 0.341610312461853 0.8897728323936462
vt 0.36279529333114624 0.9223949313163757
vt 0.33919331431388855 0.8987930417060852
vt 0.36279529333114624 0.9223949313163757
vt 0.341610312461853 0.8897728323936462
vt 0.3474871516227722 0.8825156092643738
vt 0.3558075726032257 0.8782761096954346
vt 0.36279529333114624 0.9223949313163757
vt 0.3474871516227722 0.8825156092643738
vt 0.36279529333114624 0.9223949313163757
vt 0.3558075726032257 0.8782761096954346
vt 0.3651331067085266 0.8777872920036316
vt 0.37385115027427673 0.8811339139938354
vt 0.36279529333114624 0.9223949313163757
vt 0.3651331067085266 0.8777872920036316
vt 0.36279529333114624 0.9223949313163757
vt 0.37385115027427673 0.8811339139938354
vt 0.3804543614387512 0.8877370953559875
vt 0.3838009238243103 0.8964551091194153
vt 0.36279529333114624 0.9223949313163757
vt 0.3804543614387512 0.8877370953559875
vt 0.36279529333114624 0.9223949313163757
vt 0.3838009238243103 0.8964551091194153
vt 0.3833121955394745 0.9057806134223938
vt 0.3790726363658905 0.9141011834144592
vt 0.36279529333114624 0.9223949313163757
vt 0.3833121955394745 0.9057806134223938
vt 0.36279529333114624 0.9223949313163757
vt 0.3790726363658905 0.9141011834144592
vt 0.37181544303894043 0.9199779629707336
vt 0.38194572925567627 0.8796426057815552
vt 0.3768596649169922 0.871810793876648
vt 0.3753988742828369 0.8625874519348145
vt 0.37781575322151184 0.8535673022270203
vt 0.38194572925567627 0.8796426057815552
vt 0.3753988742828369 0.8625874519348145
vt 0.38194572925567627 0.8796426057815552
vt 0.37781575322151184 0.8535673022270203
vt 0.38369250297546387 0.8463101387023926
vt 0.3920131325721741 0.8420707583427429
vt 0.38194572925567627 0.8796426057815552
vt 0.38369250297546387 0.8463101387023926
vt 0.38194572925567627 0.8796426057815552
vt 0.3920131325721741 0.8420707583427429
vt 0.40133848786354065 0.8415818810462952
vt 0.4100567102432251 0.844928503036499
vt 0.38194572925567627 0.8796426057815552
vt 0.40133848786354065 0.8415818810462952
vt 0.38194572925567627 0.8796426057815552
vt 0.4100567102432251 0.844928503036499
vt 0.41665977239608765 0.8515315651893616
vt 0.4200063943862915 0.8602497577667236
vt 0.38194572925567627 0.8796426057815552
vt 0.41665977239608765 0.8515315651893616
vt 0.38194572925567627 0.8796426057815552
vt 0.4200063943862915 0.8602497577667236
vt 0.4195175766944885 0.8695752024650574
vt 0.41527819633483887 0.877895712852478
vt 0.38194572925567627 0.8796426057815552
vt 0.4195175766944885 0.8695752024650574
vt 0.38194572925567627 0.8796426057815552
vt 0.41527819633483887 0.877895712852478
vt 0.40802088379859924 0.8837724328041077
vt 0.3990008234977722 0.8861894607543945
vt 0.38194572925567627 0.8796426057815552
vt 0.40802088379859924 0.8837724328041077
vt 0.38194572925567627 0.8796426057815552
vt 0.3990008234977722 0.8861894607543945
vt 0.38977742195129395 0.8847285509109497
vn 0.9136320384068942 0.40654212376636073 1.777051990618957e-8
vn 0.6691308439214523 0.7431446115750043 3.2483881349662076e-8
vn 0.6691308439214523 0.7431446115750043 3.2483881349662076e-8
vn 0.9136320384068942 0.40654212376636073 1.777051990618957e-8
vn 0.6691308439214523 0.7431446115750043 3.2483881349662076e-8
vn 0.9135460478724062 0.40673531739536345 1.7778964667576767e-8
vn 0.6691308439214523 0.7431446115750043 3.2483881349662076e-8
vn 0.3090172104800834 0.9510564460783104 4.157199590771848e-8
vn 0.3090172104800834 0.9510564460783104 4.157199590771848e-8
vn 0.6691308439214523 0.7431446115750043 3.2483881349662076e-8
vn 0.3090172104800834 0.9510564460783104 4.157199590771848e-8
vn 0.6691308439214523 0.7431446115750043 3.2483881349662076e-8
vn 0.3090172104800834 0.9510564460783104 4.157199590771848e-8
vn -0.1045283001072703 0.9945219125171061 4.347193171107868e-8
vn -0.1045283001072703 0.9945219125171061 4.347193171107868e-8
vn 0.3090172104800834 0.9510564460783104 4.157199590771848e-8
vn -0.1045283001072703 0.9945219125171061 4.347193171107868e-8
vn 0.3090172104800834 0.9510564460783104 4.157199590771848e-8
vn -0.1045283001072703 0.9945219125171061 4.347193171107868e-8
vn -0.499999862246664 0.8660254833163489 3.785517462908056e-8
vn -0.499999862246664 0.8660254833163489 3.785517462908056e-8
vn -0.1045283001072703 0.9945219125171061 4.347193171107868e-8
vn -0.499999862246664 0.8660254833163489 3.785517462908056e-8
vn -0.1045283001072703 0.9945219125171061 4.347193171107868e-8
vn -0.499999862246664 0.8660254833163489 3.785517462908056e-8
vn -0.8090168465990117 0.5877854556885452 2.5692917238782506e-8
vn -0.8090168465990117 0.5877854556885452 2.5692917238782506e-8
vn -0.499999862246664 0.8660254833163489 3.785517462908056e-8
vn -0.8090168465990117 0.5877854556885452 2.5692917238782506e-8
vn -0.499999862246664 0.8660254833163489 3.785517462908056e-8
vn -0.8090168465990117 0.5877854556885452 2.5692917238782506e-8
vn -0.9781475549506937 0.207911906210249 9.088117692466308e-9
vn -0.9781475549506937 0.207911906210249 9.088117692466308e-9
vn -0.8090168465990117 0.5877854556885452 2.5692917238782506e-8
vn -0.9781475549506937 0.207911906210249 9.088117692466308e-9
vn -0.8090168465990117 0.5877854556885452 2.5692917238782506e-8
vn -0.9781475549506937 0.207911906210249 9.088117692466308e-9
vn -0.9781476116210176 -0.20791163959744785 -9.088106038451108e-9
vn -0.9781476116210176 -0.20791163959744785 -9.088106038451108e-9
vn -0.9781475549506937 0.207911906210249 9.088117692466308e-9
vn -0.9781476116210176 -0.20791163959744785 -9.088106038451108e-9
vn -0.9781475549506937 0.207911906210249 9.088117692466308e-9
vn -0.9781476116210176 -0.20791163959744785 -9.088106038451108e-9
vn -0.8090170500961854 -0.5877851755987603 -2.569290499566966e-8
vn -0.8090170500961854 -0.5877851755987603 -2.569290499566966e-8
vn -0.9781476116210176 -0.20791163959744785 -9.088106038451108e-9
vn -0.8090170500961854 -0.5877851755987603 -2.569290499566966e-8
vn -0.9781476116210176 -0.20791163959744785 -9.088106038451108e-9
vn -0.8090170500961854 -0.5877851755987603 -2.569290499566966e-8
vn -0.4998155611241879 -0.8661318634354194 -3.785982465158227e-8
vn -0.4999987289748043 -0.8660261376099332 -3.7855203229160316e-8
vn -0.8090170500961854 -0.5877851755987603 -2.569290499566966e-8
vn -0.4999987289748043 -0.8660261376099332 -3.7855203229160316e-8
vn -0.8090170500961854 -0.5877851755987603 -2.569290499566966e-8
vn -0.4998155611241879 -0.8661318634354194 -3.785982465158227e-8
vn -0.1043163653707879 -0.9945441648895369 -4.3472904393130785e-8
vn -0.10452709625447537 -0.9945220390461971 -4.347193724184068e-8
vn -0.4998155611241879 -0.8661318634354194 -3.785982465158227e-8
vn -0.10452709625447537 -0.9945220390461971 -4.347193724184068e-8
vn -0.4999987289748043 -0.8660261376099332 -3.7855203229160316e-8
vn -0.1043163653707879 -0.9945441648895369 -4.3472904393130785e-8
vn 0.309016788615936 -0.9510565831502835 -4.157200189932449e-8
vn 0.309016788615936 -0.9510565831502835 -4.157200189932449e-8
vn -0.1043163653707879 -0.9945441648895369 -4.3472904393130785e-8
vn 0.309016788615936 -0.9510565831502835 -4.157200189932449e-8
vn -0.10452709625447537 -0.9945220390461971 -4.347193724184068e-8
vn 0.309016788615936 -0.9510565831502835 -4.157200189932449e-8
vn 0.6691305936951912 -0.7431448368798103 -3.248389119804753e-8
vn 0.6691305936951912 -0.7431448368798103 -3.248389119804753e-8
vn 0.309016788615936 -0.9510565831502835 -4.157200189932449e-8
vn 0.6691305936951912 -0.7431448368798103 -3.248389119804753e-8
vn 0.309016788615936 -0.9510565831502835 -4.157200189932449e-8
vn 0.6691305936951912 -0.7431448368798103 -3.248389119804753e-8
vn 0.9135454521622745 -0.4067366553848142 -1.777902315146531e-8
vn 0.9135454521622745 -0.4067366553848142 -1.777902315146531e-8
vn 0.6691305936951912 -0.7431448368798103 -3.248389119804753e-8
vn 0.9135454521622745 -0.4067366553848142 -1.777902315146531e-8
vn 0.6691305936951912 -0.7431448368798103 -3.248389119804753e-8
vn 0.9135454521622745 -0.4067366553848142 -1.777902315146531e-8
vn 0.9999999772450009 -0.00021333072314755162 -9.32498021005598e-12
vn 0.9999999999989617 -0.0000014409802133726333 -6.2985757594046e-14
vn 0.9135454521622745 -0.4067366553848142 -1.777902315146531e-8
vn 0.9999999999989617 -0.0000014409802133726333 -6.2985757594046e-14
vn 0.9135454521622745 -0.4067366553848142 -1.777902315146531e-8
vn 0.9999999772450009 -0.00021333072314755162 -9.32498021005598e-12
vn 0.9136320384068942 0.40654212376636073 1.777051990618957e-8
vn 0.9135460478724062 0.40673531739536345 1.7778964667576767e-8
vn 0.9999999772450009 -0.00021333072314755162 -9.32498021005598e-12
vn 0.9135460478724062 0.40673531739536345 1.7778964667576767e-8
vn 0.9999999999989617 -0.0000014409802133726333 -6.2985757594046e-14
vn -0.00028271091482247204 0.0003146551404052946 -0.9999999105333366
vn -0.0002827109149902643 0.000314655155690348 -0.9999999105333316
vn -0.000282710897803792 0.0003146551404052961 -0.9999999105333415
vn -0.0002827109149902643 0.000314655155690348 -0.9999999105333316
vn -0.00028271091482247204 0.0003146551404052946 -0.9999999105333366
vn -0.000282710897803792 0.0003146551404052961 -0.9999999105333415
vn -0.00028271091482247204 0.0003146551404052946 -0.9999999105333366
vn -0.0002827109149902643 0.000314655155690348 -0.9999999105333316
vn -0.00028271091482247204 0.0003146551404052946 -0.9999999105333366
vn -0.00028271091482247204 0.0003146551404052946 -0.9999999105333366
vn -0.00028271091482247204 0.0003146551404052946 -0.9999999105333366
vn -0.00028271091482247204 0.0003146551404052946 -0.9999999105333366
vn -0.00028271091482247204 0.0003146551404052946 -0.9999999105333366
vn -0.00028271091482247204 0.0003146551404052946 -0.9999999105333366
vn -0.000282710897803792 0.0003146551404052961 -0.9999999105333415
vn -0.0002827109149902643 0.000314655155690348 -0.9999999105333316
vn -0.00028271091482247204 0.0003146551404052946 -0.9999999105333366
vn -0.000282710897803792 0.0003146551404052961 -0.9999999105333415
vn -0.00028271091482247204 0.0003146551404052946 -0.9999999105333366
vn -0.0002827109149902643 0.000314655155690348 -0.9999999105333316
vn -0.00028271091482247204 0.0003146551404052946 -0.9999999105333366
vn -0.00028271091482247204 0.0003146551404052946 -0.9999999105333366
vn -0.00028271091482247204 0.0003146551404052946 -0.9999999105333366
vn -0.00028271091482247204 0.0003146551404052946 -0.9999999105333366
vn -0.00028271091482247204 0.0003146551404052946 -0.9999999105333366
vn -0.00028271091482247204 0.0003146551404052946 -0.9999999105333366
vn -0.0002827109320089434 0.00031465515569034647 -0.9999999105333269
vn -0.0002827109149902643 0.000314655155690348 -0.9999999105333316
vn -0.00028271091482247204 0.0003146551404052946 -0.9999999105333366
vn -0.0002827109320089434 0.00031465515569034647 -0.9999999105333269
vn -0.00028271091482247204 0.0003146551404052946 -0.9999999105333366
vn -0.0002827109149902643 0.000314655155690348 -0.9999999105333316
vn -0.0002827109320089434 0.00031465515569034647 -0.9999999105333269
vn -0.00028271091482247204 0.0003146551404052946 -0.9999999105333366
vn -0.00028271091482247204 0.0003146551404052946 -0.9999999105333366
vn -0.0002827109320089434 0.00031465515569034647 -0.9999999105333269
vn -0.00028271091482247204 0.0003146551404052946 -0.9999999105333366
vn -0.00028271091482247204 0.0003146551404052946 -0.9999999105333366
vn -0.00028271091482247204 0.0003146551404052946 -0.9999999105333366
vn 0 1.0123744935464306e-7 0.9999999999999949
vn 0 1.0123744935464306e-7 0.9999999999999949
vn 0 1.0123744935464306e-7 0.9999999999999949
vn 0 1.0123744935464306e-7 0.9999999999999949
vn 0 1.0123744935464306e-7 0.9999999999999949
vn 0 1.0123744935464306e-7 0.9999999999999949
vn 0 1.0123744935464306e-7 0.9999999999999949
vn 0 1.0123744935464306e-7 0.9999999999999949
vn 0 1.0123744935464306e-7 0.9999999999999949
vn 0 1.0123744935464306e-7 0.9999999999999949
vn 0 1.0123744935464306e-7 0.9999999999999949
vn 0 1.0123744935464306e-7 0.9999999999999949
vn 0 1.0123744935464306e-7 0.9999999999999949
vn 0 1.0123744935464306e-7 0.9999999999999949
vn 0 1.0123744935464306e-7 0.9999999999999949
vn 0 1.0123744935464306e-7 0.9999999999999949
vn 0 1.0123744935464306e-7 0.9999999999999949
vn 0 1.0123744935464306e-7 0.9999999999999949
vn 0 1.0123744935464306e-7 0.9999999999999949
vn 0 1.0123744935464306e-7 0.9999999999999949
vn 0 1.0123744935464306e-7 0.9999999999999949
vn 0 1.0123744935464306e-7 0.9999999999999949
vn 0 1.0123744935464306e-7 0.9999999999999949
vn 0 1.0123744935464306e-7 0.9999999999999949
vn 0 1.0123744935464306e-7 0.9999999999999949
vn 0 1.0123744935464306e-7 0.9999999999999949
vn 0 1.0123744935464306e-7 0.9999999999999949
vn 0 1.0123744935464306e-7 0.9999999999999949
vn 0 1.0123744935464306e-7 0.9999999999999949
vn 0 1.0123744935464306e-7 0.9999999999999949
vn 0 1.0123744935464306e-7 0.9999999999999949
vn 0 1.0123744935464306e-7 0.9999999999999949
vn 0 1.0123744935464306e-7 0.9999999999999949
vn 0 1.0123744935464306e-7 0.9999999999999949
vn 0 1.0123744935464306e-7 0.9999999999999949
vn 0 1.0123744935464306e-7 0.9999999999999949
vn 0 1.0123744935464306e-7 0.9999999999999949
vn 0 1.0123744935464306e-7 0.9999999999999949
vn 0 1.0123744935464306e-7 0.9999999999999949
f 1345/1345/1345 1346/1346/1346 1347/1347/1347
f 1348/1348/1348 1349/1349/1349 1350/1350/1350
f 1351/1351/1351 1352/1352/1352 1353/1353/1353
f 1354/1354/1354 1355/1355/1355 1356/1356/1356
f 1357/1357/1357 1358/1358/1358 1359/1359/1359
f 1360/1360/1360 1361/1361/1361 1362/1362/1362
f 1363/1363/1363 1364/1364/1364 1365/1365/1365
f 1366/1366/1366 1367/1367/1367 1368/1368/1368
f 1369/1369/1369 1370/1370/1370 1371/1371/1371
f 1372/1372/1372 1373/1373/1373 1374/1374/1374
f 1375/1375/1375 1376/1376/1376 1377/1377/1377
f 1378/1378/1378 1379/1379/1379 1380/1380/1380
f 1381/1381/1381 1382/1382/1382 1383/1383/1383
f 1384/1384/1384 1385/1385/1385 1386/1386/1386
f 1387/1387/1387 1388/1388/1388 1389/1389/1389
f 1390/1390/1390 1391/1391/1391 1392/1392/1392
f 1393/1393/1393 1394/1394/1394 1395/1395/1395
f 1396/1396/1396 1397/1397/1397 1398/1398/1398
f 1399/1399/1399 1400/1400/1400 1401/1401/1401
f 1402/1402/1402 1403/1403/1403 1404/1404/1404
f 1405/1405/1405 1406/1406/1406 1407/1407/1407
f 1408/1408/1408 1409/1409/1409 1410/1410/1410
f 1411/1411/1411 1412/1412/1412 1413/1413/1413
f 1414/1414/1414 1415/1415/1415 1416/1416/1416
f 1417/1417/1417 1418/1418/1418 1419/1419/1419
f 1420/1420/1420 1421/1421/1421 1422/1422/1422
f 1423/1423/1423 1424/1424/1424 1425/1425/1425
f 1426/1426/1426 1427/1427/1427 1428/1428/1428
f 1429/1429/1429 1430/1430/1430 1431/1431/1431
f 1432/1432/1432 1433/1433/1433 1434/1434/1434
f 1435/1435/1435 1436/1436/1436 1437/1437/1437
f 1438/1438/1438 1439/1439/1439 1440/1440/1440
f 1441/1441/1441 1442/1442/1442 1443/1443/1443
f 1444/1444/1444 1445/1445/1445 1446/1446/1446
f 1447/1447/1447 1448/1448/1448 1449/1449/1449
f 1450/1450/1450 1451/1451/1451 1452/1452/1452
f 1453/1453/1453 1454/1454/1454 1455/1455/1455
f 1456/1456/1456 1457/1457/1457 1458/1458/1458
f 1459/1459/1459 1460/1460/1460 1461/1461/1461
f 1462/1462/1462 1463/1463/1463 1464/1464/1464
f 1465/1465/1465 1466/1466/1466 1467/1467/1467
f 1468/1468/1468 1469/1469/1469 1470/1470/1470
f 1471/1471/1471 1472/1472/1472 1473/1473/1473
f 1474/1474/1474 1475/1475/1475 1476/1476/1476
f 1477/1477/1477 1478/1478/1478 1479/1479/1479
f 1480/1480/1480 1481/1481/1481 1482/1482/1482
f 1483/1483/1483 1484/1484/1484 1485/1485/1485
f 1486/1486/1486 1487/1487/1487 1488/1488/1488
f 1489/1489/1489 1490/1490/1490 1491/1491/1491
f 1492/1492/1492 1493/1493/1493 1494/1494/1494
f 1495/1495/1495 1496/1496/1496 1497/1497/1497
f 1498/1498/1498 1499/1499/1499 1500/1500/1500
f 1501/1501/1501 1502/1502/1502 1503/1503/1503
f 1504/1504/1504 1505/1505/1505 1506/1506/1506
f 1507/1507/1507 1508/1508/1508 1509/1509/1509
f 1510/1510/1510 1511/1511/1511 1512/1512/1512
o stair9
usemtl Roof
v 0.10579600391854171 15.654600667559336 0.0006524589137633097
v 0.0774907925119912 15.693559484743254 0.0006524606167073177
v 0.0774907925119912 15.693559353457916 3.0041110239346844
v 0.10579600391854171 15.654600667559336 0.0006524589137633097
v 0.0774907925119912 15.693559353457916 3.0041110239346844
v 0.10579600391854171 15.654600536273998 3.00411102223174
v 0.0774907925119912 15.693559484743254 0.0006524606167073177
v 0.035786705160942844 15.717637366767073 0.0006524616691847562
v 0.035786705160942844 15.717637235481735 3.0041110249871616
v 0.0774907925119912 15.693559484743254 0.0006524606167073177
v 0.035786705160942844 15.717637235481735 3.0041110249871616
v 0.0774907925119912 15.693559353457916 3.0041110239346844
v 0.035786705160942844 15.717637366767073 0.0006524616691847562
v -0.012105228424244219 15.72267102128277 0.0006524618892127521
v -0.012105228424244219 15.722670889997431 3.0041110252071896
v 0.035786705160942844 15.717637366767073 0.0006524616691847562
v -0.012105228424244219 15.722670889997431 3.0041110252071896
v 0.035786705160942844 15.717637235481735 3.0041110249871616
v -0.012105228424244219 15.72267102128277 0.0006524618892127521
v -0.05790405880871674 15.707790089195909 0.0006524612387466266
v -0.05790405880871674 15.70778995791057 3.0041110245567237
v -0.012105228424244219 15.72267102128277 0.0006524618892127521
v -0.05790405880871674 15.70778995791057 3.0041110245567237
v -0.012105228424244219 15.722670889997431 3.0041110252071896
v -0.05790405880871674 15.707790089195909 0.0006524612387466266
v -0.09369074553023893 15.675567613411449 0.0006524598302575235
v -0.09369074553023893 15.67556748212611 3.0041110231482344
v -0.05790405880871674 15.707790089195909 0.0006524612387466266
v -0.09369074553023893 15.67556748212611 3.0041110231482344
v -0.05790405880871674 15.70778995791057 3.0041110245567237
v -0.09369074553023893 15.675567613411449 0.0006524598302575235
v -0.11327746694056628 15.631575161687875 0.0006524579072864078
v -0.11327746694056628 15.631575030402537 3.0041110212252633
v -0.09369074553023893 15.675567613411449 0.0006524598302575235
v -0.11327746694056628 15.631575030402537 3.0041110212252633
v -0.09369074553023893 15.67556748212611 3.0041110231482344
v -0.11327746694056628 15.631575161687875 0.0006524579072864078
v -0.11327746694056628 15.58341942222613 0.000652455802332419
v -0.11327746694056628 15.583419290940792 3.0041110191203093
v -0.11327746694056628 15.631575161687875 0.0006524579072864078
v -0.11327746694056628 15.583419290940792 3.0041110191203093
v -0.11327746694056628 15.631575030402537 3.0041110212252633
v -0.11327746694056628 15.58341942222613 0.000652455802332419
v -0.09369077011613314 15.539426961282846 0.0006524538793608592
v -0.09369077011613314 15.539426829997508 3.0041110171973378
v -0.11327746694056628 15.58341942222613 0.000652455802332419
v -0.09369077011613314 15.539426829997508 3.0041110171973378
v -0.11327746694056628 15.583419290940792 3.0041110191203093
v -0.09369077011613314 15.539426961282846 0.0006524538793608592
v -0.05790408339461095 15.507204479351913 0.000652452470871534
v -0.05790408339461095 15.507204348066574 3.0041110157888484
v -0.09369077011613314 15.539426961282846 0.0006524538793608592
v -0.05790408339461095 15.507204348066574 3.0041110157888484
v -0.09369077011613314 15.539426829997508 3.0041110171973378
v -0.05790408339461095 15.507204479351913 0.000652452470871534
v -0.012105256083375204 15.49232354112243 0.00056435089766671
v -0.012105256083375204 15.49232340983324 3.004111015138382
v -0.05790408339461095 15.507204479351913 0.000652452470871534
v -0.012105256083375204 15.49232340983324 3.004111015138382
v -0.05790408339461095 15.507204348066574 3.0041110157888484
v -0.012105256083375204 15.49232354112243 0.00056435089766671
v 0.03578668672152219 15.497357171052231 0.0005643511176935956
v 0.03578668672152219 15.497357039763042 3.0041110153584087
v -0.012105256083375204 15.49232354112243 0.00056435089766671
v 0.03578668672152219 15.497357039763042 3.0041110153584087
v -0.012105256083375204 15.49232340983324 3.004111015138382
v 0.03578668672152219 15.497357171052231 0.0005643511176935956
v 0.07749078636551765 15.521435040783103 0.00056435217017059
v 0.07749078636551765 15.521434909493914 3.004111016410886
v 0.03578668672152219 15.497357171052231 0.0005643511176935956
v 0.07749078636551765 15.521434909493914 3.004111016410886
v 0.03578668672152219 15.497357039763042 3.0041110153584087
v 0.07749078636551765 15.521435040783103 0.00056435217017059
v 0.10579601621148882 15.560393854893784 0.000564353873114376
v 0.10579601621148882 15.560393723604594 3.0041110181138295
v 0.07749078636551765 15.521435040783103 0.00056435217017059
v 0.10579601621148882 15.560393723604594 3.0041110181138295
v 0.07749078636551765 15.521434909493914 3.004111016410886
v 0.10579601621148882 15.560393854893784 0.000564353873114376
v 0.1158081667892219 15.607497281204525 0.0005643559320704927
v 0.1158081667892219 15.607497149915336 3.004111020172786
v 0.10579601621148882 15.560393854893784 0.000564353873114376
v 0.1158081667892219 15.607497149915336 3.004111020172786
v 0.10579601621148882 15.560393723604594 3.0041110181138295
v 0.1158081667892219 15.607497281204525 0.0005643559320704927
v 0.10579600391854171 15.654600667559336 0.0006524589137633097
v 0.10579600391854171 15.654600536273998 3.00411102223174
v 0.1158081667892219 15.607497281204525 0.0005643559320704927
v 0.10579600391854171 15.654600536273998 3.00411102223174
v 0.1158081667892219 15.607497149915336 3.004111020172786
v 0.0774907925119912 15.693559484743254 0.0006524606167073177
v 0.10579600391854171 15.654600667559336 0.0006524589137633097
v 0.1158081667892219 15.607497281204525 0.0005643559320704927
v 0.10579601621148882 15.560393854893784 0.000564353873114376
v 0.0774907925119912 15.693559484743254 0.0006524606167073177
v 0.1158081667892219 15.607497281204525 0.0005643559320704927
v 0.0774907925119912 15.693559484743254 0.0006524606167073177
v 0.10579601621148882 15.560393854893784 0.000564353873114376
v 0.07749078636551765 15.521435040783103 0.00056435217017059
v 0.03578668672152219 15.497357171052231 0.0005643511176935956
v 0.0774907925119912 15.693559484743254 0.0006524606167073177
v 0.07749078636551765 15.521435040783103 0.00056435217017059
v 0.0774907925119912 15.693559484743254 0.0006524606167073177
v 0.03578668672152219 15.497357171052231 0.0005643511176935956
v -0.012105256083375204 15.49232354112243 0.00056435089766671
v -0.05790408339461095 15.507204479351913 0.000652452470871534
v 0.0774907925119912 15.693559484743254 0.0006524606167073177
v -0.012105256083375204 15.49232354112243 0.00056435089766671
v 0.0774907925119912 15.693559484743254 0.0006524606167073177
v -0.05790408339461095 15.507204479351913 0.000652452470871534
v -0.09369077011613314 15.539426961282846 0.0006524538793608592
v -0.11327746694056628 15.58341942222613 0.000652455802332419
v 0.0774907925119912 15.693559484743254 0.0006524606167073177
v -0.09369077011613314 15.539426961282846 0.0006524538793608592
v 0.0774907925119912 15.693559484743254 0.0006524606167073177
v -0.11327746694056628 15.58341942222613 0.000652455802332419
v -0.11327746694056628 15.631575161687875 0.0006524579072864078
v -0.09369074553023893 15.675567613411449 0.0006524598302575235
v 0.0774907925119912 15.693559484743254 0.0006524606167073177
v -0.11327746694056628 15.631575161687875 0.0006524579072864078
v 0.0774907925119912 15.693559484743254 0.0006524606167073177
v -0.09369074553023893 15.675567613411449 0.0006524598302575235
v -0.05790405880871674 15.707790089195909 0.0006524612387466266
v -0.012105228424244219 15.72267102128277 0.0006524618892127521
v 0.0774907925119912 15.693559484743254 0.0006524606167073177
v -0.05790405880871674 15.707790089195909 0.0006524612387466266
v 0.0774907925119912 15.693559484743254 0.0006524606167073177
v -0.012105228424244219 15.72267102128277 0.0006524618892127521
v 0.035786705160942844 15.717637366767073 0.0006524616691847562
v 0.1158081667892219 15.607497149915336 3.004111020172786
v 0.10579600391854171 15.654600536273998 3.00411102223174
v 0.0774907925119912 15.693559353457916 3.0041110239346844
v 0.035786705160942844 15.717637235481735 3.0041110249871616
v 0.1158081667892219 15.607497149915336 3.004111020172786
v 0.0774907925119912 15.693559353457916 3.0041110239346844
v 0.1158081667892219 15.607497149915336 3.004111020172786
v 0.035786705160942844 15.717637235481735 3.0041110249871616
v -0.012105228424244219 15.722670889997431 3.0041110252071896
v -0.05790405880871674 15.70778995791057 3.0041110245567237
v 0.1158081667892219 15.607497149915336 3.004111020172786
v -0.012105228424244219 15.722670889997431 3.0041110252071896
v 0.1158081667892219 15.607497149915336 3.004111020172786
v -0.05790405880871674 15.70778995791057 3.0041110245567237
v -0.09369074553023893 15.67556748212611 3.0041110231482344
v -0.11327746694056628 15.631575030402537 3.0041110212252633
v 0.1158081667892219 15.607497149915336 3.004111020172786
v -0.09369074553023893 15.67556748212611 3.0041110231482344
v 0.1158081667892219 15.607497149915336 3.004111020172786
v -0.11327746694056628 15.631575030402537 3.0041110212252633
v -0.11327746694056628 15.583419290940792 3.0041110191203093
v -0.09369077011613314 15.539426829997508 3.0041110171973378
v 0.1158081667892219 15.607497149915336 3.004111020172786
v -0.11327746694056628 15.583419290940792 3.0041110191203093
v 0.1158081667892219 15.607497149915336 3.004111020172786
v -0.09369077011613314 15.539426829997508 3.0041110171973378
v -0.05790408339461095 15.507204348066574 3.0041110157888484
v -0.012105256083375204 15.49232340983324 3.004111015138382
v 0.1158081667892219 15.607497149915336 3.004111020172786
v -0.05790408339461095 15.507204348066574 3.0041110157888484
v 0.1158081667892219 15.607497149915336 3.004111020172786
v -0.012105256083375204 15.49232340983324 3.004111015138382
v 0.03578668672152219 15.497357039763042 3.0041110153584087
v 0.07749078636551765 15.521434909493914 3.004111016410886
v 0.1158081667892219 15.607497149915336 3.004111020172786
v 0.03578668672152219 15.497357039763042 3.0041110153584087
v 0.1158081667892219 15.607497149915336 3.004111020172786
v 0.07749078636551765 15.521434909493914 3.004111016410886
v 0.10579601621148882 15.560393723604594 3.0041110181138295
vt -0.19633284211158752 0.08092749118804932
vt -0.1924516260623932 0.0770462155342102
vt 0.5118377804756165 0.781335711479187
vt -0.19633284211158752 0.08092749118804932
vt 0.5118377804756165 0.781335711479187
vt 0.5079566240310669 0.7852169275283813
vt -0.1924516260623932 0.0770462155342102
vt -0.18673312664031982 0.07132768630981445
vt 0.517556369304657 0.7756171822547913
vt -0.1924516260623932 0.0770462155342102
vt 0.517556369304657 0.7756171822547913
vt 0.5118377804756165 0.781335711479187
vt -0.18673312664031982 0.07132768630981445
vt -0.1801661252975464 0.06476068496704102
vt 0.5241233706474304 0.769050121307373
vt -0.18673312664031982 0.07132768630981445
vt 0.5241233706474304 0.769050121307373
vt 0.517556369304657 0.7756171822547913
vt -0.1801661252975464 0.06476068496704102
vt -0.17388609051704407 0.05848062038421631
vt 0.5304033160209656 0.7627701759338379
vt -0.1801661252975464 0.06476068496704102
vt 0.5304033160209656 0.7627701759338379
vt 0.5241233706474304 0.769050121307373
vt -0.17388609051704407 0.05848062038421631
vt -0.16897892951965332 0.053573548793792725
vt 0.5353105068206787 0.7578630447387695
vt -0.17388609051704407 0.05848062038421631
vt 0.5353105068206787 0.7578630447387695
vt 0.5304033160209656 0.7627701759338379
vt 0.5028549432754517 0.7903188467025757
vt 0.4968227744102478 0.7963510751724243
vt -0.207466721534729 0.09206169843673706
vt 0.5028549432754517 0.7903188467025757
vt -0.207466721534729 0.09206169843673706
vt -0.2014344036579132 0.08602941036224365
vt 0.4968227744102478 0.7963510751724243
vt 0.4902195334434509 0.8029543161392212
vt -0.21406984329223633 0.09866493940353394
vt 0.4968227744102478 0.7963510751724243
vt -0.21406984329223633 0.09866493940353394
vt -0.207466721534729 0.09206169843673706
vt 0.4902195334434509 0.8029543161392212
vt 0.48418721556663513 0.8089866042137146
vt -0.2201022207736969 0.10469722747802734
vt 0.4902195334434509 0.8029543161392212
vt -0.2201022207736969 0.10469722747802734
vt -0.21406984329223633 0.09866493940353394
vt 0.48418721556663513 0.8089866042137146
vt 0.4797687828540802 0.8134050369262695
vt -0.22452059388160706 0.10911566019058228
vt 0.48418721556663513 0.8089866042137146
vt -0.22452059388160706 0.10911566019058228
vt -0.2201022207736969 0.10469722747802734
vt 0.4744078814983368 0.8187659382820129
vt 0.4650484025478363 0.8219665288925171
vt -0.23616153001785278 0.12075662612915039
vt 0.4744078814983368 0.8187659382820129
vt -0.23616153001785278 0.12075662612915039
vt -0.22988149523735046 0.11447656154632568
vt 0.4650484025478363 0.8219665288925171
vt 0.45848143100738525 0.8285335302352905
vt -0.24272853136062622 0.12732362747192383
vt 0.4650484025478363 0.8219665288925171
vt -0.24272853136062622 0.12732362747192383
vt -0.23616153001785278 0.12075662612915039
vt 0.45848143100738525 0.8285335302352905
vt 0.4527628719806671 0.834252119064331
vt -0.24844709038734436 0.1330420970916748
vt 0.45848143100738525 0.8285335302352905
vt -0.24844709038734436 0.1330420970916748
vt -0.24272853136062622 0.12732362747192383
vt 0.4527628719806671 0.834252119064331
vt 0.44888171553611755 0.8381332159042358
vt -0.2523282766342163 0.13692325353622437
vt 0.4527628719806671 0.834252119064331
vt -0.2523282766342163 0.13692325353622437
vt -0.24844709038734436 0.1330420970916748
vt 0.4441744089126587 0.8428406715393066
vt 0.4377155005931854 0.8492995500564575
vt -0.26349449157714844 0.14808958768844604
vt 0.4441744089126587 0.8428406715393066
vt -0.26349449157714844 0.14808958768844604
vt -0.25703561305999756 0.14163070917129517
vt 0.4377155005931854 0.8492995500564575
vt 0.43433600664138794 0.8588377833366394
vt -0.2699533700942993 0.15454846620559692
vt 0.4377155005931854 0.8492995500564575
vt -0.2699533700942993 0.15454846620559692
vt -0.26349449157714844 0.14808958768844604
vt 0.36279529333114624 0.9223949313163757
vt 0.3535720109939575 0.9209340810775757
vt 0.34574025869369507 0.9158480167388916
vt 0.34065425395965576 0.9080163240432739
vt 0.36279529333114624 0.9223949313163757
vt 0.34574025869369507 0.9158480167388916
vt 0.36279529333114624 0.9223949313163757
vt 0.34065425395965576 0.9080163240432739
vt 0.33919331431388855 0.8987930417060852
vt 0.341610312461853 0.8897728323936462
vt 0.36279529333114624 0.9223949313163757
vt 0.33919331431388855 0.8987930417060852
vt 0.36279529333114624 0.9223949313163757
vt 0.341610312461853 0.8897728323936462
vt 0.3474871516227722 0.8825156092643738
vt 0.3558075726032257 0.8782761096954346
vt 0.36279529333114624 0.9223949313163757
vt 0.3474871516227722 0.8825156092643738
vt 0.36279529333114624 0.9223949313163757
vt 0.3558075726032257 0.8782761096954346
vt 0.3651331067085266 0.8777872920036316
vt 0.37385115027427673 0.8811339139938354
vt 0.36279529333114624 0.9223949313163757
vt 0.3651331067085266 0.8777872920036316
vt 0.36279529333114624 0.9223949313163757
vt 0.37385115027427673 0.8811339139938354
vt 0.3804543614387512 0.8877370953559875
vt 0.3838009238243103 0.8964551091194153
vt 0.36279529333114624 0.9223949313163757
vt 0.3804543614387512 0.8877370953559875
vt 0.36279529333114624 0.9223949313163757
vt 0.3838009238243103 0.8964551091194153
vt 0.3833121955394745 0.9057806134223938
vt 0.3790726363658905 0.9141011834144592
vt 0.36279529333114624 0.9223949313163757
vt 0.3833121955394745 0.9057806134223938
vt 0.36279529333114624 0.9223949313163757
vt 0.3790726363658905 0.9141011834144592
vt 0.37181544303894043 0.9199779629707336
vt 0.38194572925567627 0.8796426057815552
vt 0.3768596649169922 0.871810793876648
vt 0.3753988742828369 0.8625874519348145
vt 0.37781575322151184 0.8535673022270203
vt 0.38194572925567627 0.8796426057815552
vt 0.3753988742828369 0.8625874519348145
vt 0.38194572925567627 0.8796426057815552
vt 0.37781575322151184 0.8535673022270203
vt 0.38369250297546387 0.8463101387023926
vt 0.3920131325721741 0.8420707583427429
vt 0.38194572925567627 0.8796426057815552
vt 0.38369250297546387 0.8463101387023926
vt 0.38194572925567627 0.8796426057815552
vt 0.3920131325721741 0.8420707583427429
vt 0.40133848786354065 0.8415818810462952
vt 0.4100567102432251 0.844928503036499
vt 0.38194572925567627 0.8796426057815552
vt 0.40133848786354065 0.8415818810462952
vt 0.38194572925567627 0.8796426057815552
vt 0.4100567102432251 0.844928503036499
vt 0.41665977239608765 0.8515315651893616
vt 0.4200063943862915 0.8602497577667236
vt 0.38194572925567627 0.8796426057815552
vt 0.41665977239608765 0.8515315651893616
vt 0.38194572925567627 0.8796426057815552
vt 0.4200063943862915 0.8602497577667236
vt 0.4195175766944885 0.8695752024650574
vt 0.41527819633483887 0.877895712852478
vt 0.38194572925567627 0.8796426057815552
vt 0.4195175766944885 0.8695752024650574
vt 0.38194572925567627 0.8796426057815552
vt 0.41527819633483887 0.877895712852478
vt 0.40802088379859924 0.8837724328041077
vt 0.3990008234977722 0.8861894607543945
vt 0.38194572925567627 0.8796426057815552
vt 0.40802088379859924 0.8837724328041077
vt 0.38194572925567627 0.8796426057815552
vt 0.3990008234977722 0.8861894607543945
vt 0.38977742195129395 0.8847285509109497
vn 0.9136320384068942 0.40654212376636073 1.777051990618957e-8
vn 0.6691308439214523 0.7431446115750043 3.2483881349662076e-8
vn 0.6691308439214523 0.7431446115750043 3.2483881349662076e-8
vn 0.9136320384068942 0.40654212376636073 1.777051990618957e-8
vn 0.6691308439214523 0.7431446115750043 3.2483881349662076e-8
vn 0.9135460478724062 0.40673531739536345 1.7778964667576767e-8
vn 0.6691308439214523 0.7431446115750043 3.2483881349662076e-8
vn 0.3090172104800834 0.9510564460783104 4.157199590771848e-8
vn 0.3090172104800834 0.9510564460783104 4.157199590771848e-8
vn 0.6691308439214523 0.7431446115750043 3.2483881349662076e-8
vn 0.3090172104800834 0.9510564460783104 4.157199590771848e-8
vn 0.6691308439214523 0.7431446115750043 3.2483881349662076e-8
vn 0.3090172104800834 0.9510564460783104 4.157199590771848e-8
vn -0.1045283001072703 0.9945219125171061 4.347193171107868e-8
vn -0.1045283001072703 0.9945219125171061 4.347193171107868e-8
vn 0.3090172104800834 0.9510564460783104 4.157199590771848e-8
vn -0.1045283001072703 0.9945219125171061 4.347193171107868e-8
vn 0.3090172104800834 0.9510564460783104 4.157199590771848e-8
vn -0.1045283001072703 0.9945219125171061 4.347193171107868e-8
vn -0.499999862246664 0.8660254833163489 3.785517462908056e-8
vn -0.499999862246664 0.8660254833163489 3.785517462908056e-8
vn -0.1045283001072703 0.9945219125171061 4.347193171107868e-8
vn -0.499999862246664 0.8660254833163489 3.785517462908056e-8
vn -0.1045283001072703 0.9945219125171061 4.347193171107868e-8
vn -0.499999862246664 0.8660254833163489 3.785517462908056e-8
vn -0.8090168465990117 0.5877854556885452 2.5692917238782506e-8
vn -0.8090168465990117 0.5877854556885452 2.5692917238782506e-8
vn -0.499999862246664 0.8660254833163489 3.785517462908056e-8
vn -0.8090168465990117 0.5877854556885452 2.5692917238782506e-8
vn -0.499999862246664 0.8660254833163489 3.785517462908056e-8
vn -0.8090168465990117 0.5877854556885452 2.5692917238782506e-8
vn -0.9781475549506937 0.207911906210249 9.088117692466308e-9
vn -0.9781475549506937 0.207911906210249 9.088117692466308e-9
vn -0.8090168465990117 0.5877854556885452 2.5692917238782506e-8
vn -0.9781475549506937 0.207911906210249 9.088117692466308e-9
vn -0.8090168465990117 0.5877854556885452 2.5692917238782506e-8
vn -0.9781475549506937 0.207911906210249 9.088117692466308e-9
vn -0.9781476116210176 -0.20791163959744785 -9.088106038451108e-9
vn -0.9781476116210176 -0.20791163959744785 -9.088106038451108e-9
vn -0.9781475549506937 0.207911906210249 9.088117692466308e-9
vn -0.9781476116210176 -0.20791163959744785 -9.088106038451108e-9
vn -0.9781475549506937 0.207911906210249 9.088117692466308e-9
vn -0.9781476116210176 -0.20791163959744785 -9.088106038451108e-9
vn -0.8090170500961854 -0.5877851755987603 -2.569290499566966e-8
vn -0.8090170500961854 -0.5877851755987603 -2.569290499566966e-8
vn -0.9781476116210176 -0.20791163959744785 -9.088106038451108e-9
vn -0.8090170500961854 -0.5877851755987603 -2.569290499566966e-8
vn -0.9781476116210176 -0.20791163959744785 -9.088106038451108e-9
vn -0.8090170500961854 -0.5877851755987603 -2.569290499566966e-8
vn -0.4998155611241879 -0.8661318634354194 -3.785982465158227e-8
vn -0.4999987289748043 -0.8660261376099332 -3.7855203229160316e-8
vn -0.8090170500961854 -0.5877851755987603 -2.569290499566966e-8
vn -0.4999987289748043 -0.8660261376099332 -3.7855203229160316e-8
vn -0.8090170500961854 -0.5877851755987603 -2.569290499566966e-8
vn -0.4998155611241879 -0.8661318634354194 -3.785982465158227e-8
vn -0.1043163653707879 -0.9945441648895369 -4.3472904393130785e-8
vn -0.10452709625447537 -0.9945220390461971 -4.347193724184068e-8
vn -0.4998155611241879 -0.8661318634354194 -3.785982465158227e-8
vn -0.10452709625447537 -0.9945220390461971 -4.347193724184068e-8
vn -0.4999987289748043 -0.8660261376099332 -3.7855203229160316e-8
vn -0.1043163653707879 -0.9945441648895369 -4.3472904393130785e-8
vn 0.309016788615936 -0.9510565831502835 -4.157200189932449e-8
vn 0.309016788615936 -0.9510565831502835 -4.157200189932449e-8
vn -0.1043163653707879 -0.9945441648895369 -4.3472904393130785e-8
vn 0.309016788615936 -0.9510565831502835 -4.157200189932449e-8
vn -0.10452709625447537 -0.9945220390461971 -4.347193724184068e-8
vn 0.309016788615936 -0.9510565831502835 -4.157200189932449e-8
vn 0.6691305936951912 -0.7431448368798103 -3.248389119804753e-8
vn 0.6691305936951912 -0.7431448368798103 -3.248389119804753e-8
vn 0.309016788615936 -0.9510565831502835 -4.157200189932449e-8
vn 0.6691305936951912 -0.7431448368798103 -3.248389119804753e-8
vn 0.309016788615936 -0.9510565831502835 -4.157200189932449e-8
vn 0.6691305936951912 -0.7431448368798103 -3.248389119804753e-8
vn 0.9135454521622745 -0.4067366553848142 -1.777902315146531e-8
vn 0.9135454521622745 -0.4067366553848142 -1.777902315146531e-8
vn 0.6691305936951912 -0.7431448368798103 -3.248389119804753e-8
vn 0.9135454521622745 -0.4067366553848142 -1.777902315146531e-8
vn 0.6691305936951912 -0.7431448368798103 -3.248389119804753e-8
vn 0.9135454521622745 -0.4067366553848142 -1.777902315146531e-8
vn 0.9999999772450009 -0.00021333072314755162 -9.32498021005598e-12
vn 0.9999999999989617 -0.0000014409802133726333 -6.2985757594046e-14
vn 0.9135454521622745 -0.4067366553848142 -1.777902315146531e-8
vn 0.9999999999989617 -0.0000014409802133726333 -6.2985757594046e-14
vn 0.9135454521622745 -0.4067366553848142 -1.777902315146531e-8
vn 0.9999999772450009 -0.00021333072314755162 -9.32498021005598e-12
vn 0.9136320384068942 0.40654212376636073 1.777051990618957e-8
vn 0.9135460478724062 0.40673531739536345 1.7778964667576767e-8
vn 0.9999999772450009 -0.00021333072314755162 -9.32498021005598e-12
vn 0.9135460478724062 0.40673531739536345 1.7778964667576767e-8
vn 0.9999999999989617 -0.0000014409802133726333 -6.2985757594046e-14
vn -0.00028271091482247204 0.0003146551404052946 -0.9999999105333366
vn -0.0002827109149902643 0.000314655155690348 -0.9999999105333316
vn -0.000282710897803792 0.0003146551404052961 -0.9999999105333415
vn -0.0002827109149902643 0.000314655155690348 -0.9999999105333316
vn -0.00028271091482247204 0.0003146551404052946 -0.9999999105333366
vn -0.000282710897803792 0.0003146551404052961 -0.9999999105333415
vn -0.00028271091482247204 0.0003146551404052946 -0.9999999105333366
vn -0.0002827109149902643 0.000314655155690348 -0.9999999105333316
vn -0.00028271091482247204 0.0003146551404052946 -0.9999999105333366
vn -0.00028271091482247204 0.0003146551404052946 -0.9999999105333366
vn -0.00028271091482247204 0.0003146551404052946 -0.9999999105333366
vn -0.00028271091482247204 0.0003146551404052946 -0.9999999105333366
vn -0.00028271091482247204 0.0003146551404052946 -0.9999999105333366
vn -0.00028271091482247204 0.0003146551404052946 -0.9999999105333366
vn -0.000282710897803792 0.0003146551404052961 -0.9999999105333415
vn -0.0002827109149902643 0.000314655155690348 -0.9999999105333316
vn -0.00028271091482247204 0.0003146551404052946 -0.9999999105333366
vn -0.000282710897803792 0.0003146551404052961 -0.9999999105333415
vn -0.00028271091482247204 0.0003146551404052946 -0.9999999105333366
vn -0.0002827109149902643 0.000314655155690348 -0.9999999105333316
vn -0.00028271091482247204 0.0003146551404052946 -0.9999999105333366
vn -0.00028271091482247204 0.0003146551404052946 -0.9999999105333366
vn -0.00028271091482247204 0.0003146551404052946 -0.9999999105333366
vn -0.00028271091482247204 0.0003146551404052946 -0.9999999105333366
vn -0.00028271091482247204 0.0003146551404052946 -0.9999999105333366
vn -0.00028271091482247204 0.0003146551404052946 -0.9999999105333366
vn -0.0002827109320089434 0.00031465515569034647 -0.9999999105333269
vn -0.0002827109149902643 0.000314655155690348 -0.9999999105333316
vn -0.00028271091482247204 0.0003146551404052946 -0.9999999105333366
vn -0.0002827109320089434 0.00031465515569034647 -0.9999999105333269
vn -0.00028271091482247204 0.0003146551404052946 -0.9999999105333366
vn -0.0002827109149902643 0.000314655155690348 -0.9999999105333316
vn -0.0002827109320089434 0.00031465515569034647 -0.9999999105333269
vn -0.00028271091482247204 0.0003146551404052946 -0.9999999105333366
vn -0.00028271091482247204 0.0003146551404052946 -0.9999999105333366
vn -0.0002827109320089434 0.00031465515569034647 -0.9999999105333269
vn -0.00028271091482247204 0.0003146551404052946 -0.9999999105333366
vn -0.00028271091482247204 0.0003146551404052946 -0.9999999105333366
vn -0.00028271091482247204 0.0003146551404052946 -0.9999999105333366
vn 0 1.0123744935464306e-7 0.9999999999999949
vn 0 1.0123744935464306e-7 0.9999999999999949
vn 0 1.0123744935464306e-7 0.9999999999999949
vn 0 1.0123744935464306e-7 0.9999999999999949
vn 0 1.0123744935464306e-7 0.9999999999999949
vn 0 1.0123744935464306e-7 0.9999999999999949
vn 0 1.0123744935464306e-7 0.9999999999999949
vn 0 1.0123744935464306e-7 0.9999999999999949
vn 0 1.0123744935464306e-7 0.9999999999999949
vn 0 1.0123744935464306e-7 0.9999999999999949
vn 0 1.0123744935464306e-7 0.9999999999999949
vn 0 1.0123744935464306e-7 0.9999999999999949
vn 0 1.0123744935464306e-7 0.9999999999999949
vn 0 1.0123744935464306e-7 0.9999999999999949
vn 0 1.0123744935464306e-7 0.9999999999999949
vn 0 1.0123744935464306e-7 0.9999999999999949
vn 0 1.0123744935464306e-7 0.9999999999999949
vn 0 1.0123744935464306e-7 0.9999999999999949
vn 0 1.0123744935464306e-7 0.9999999999999949
vn 0 1.0123744935464306e-7 0.9999999999999949
vn 0 1.0123744935464306e-7 0.9999999999999949
vn 0 1.0123744935464306e-7 0.9999999999999949
vn 0 1.0123744935464306e-7 0.9999999999999949
vn 0 1.0123744935464306e-7 0.9999999999999949
vn 0 1.0123744935464306e-7 0.9999999999999949
vn 0 1.0123744935464306e-7 0.9999999999999949
vn 0 1.0123744935464306e-7 0.9999999999999949
vn 0 1.0123744935464306e-7 0.9999999999999949
vn 0 1.0123744935464306e-7 0.9999999999999949
vn 0 1.0123744935464306e-7 0.9999999999999949
vn 0 1.0123744935464306e-7 0.9999999999999949
vn 0 1.0123744935464306e-7 0.9999999999999949
vn 0 1.0123744935464306e-7 0.9999999999999949
vn 0 1.0123744935464306e-7 0.9999999999999949
vn 0 1.0123744935464306e-7 0.9999999999999949
vn 0 1.0123744935464306e-7 0.9999999999999949
vn 0 1.0123744935464306e-7 0.9999999999999949
vn 0 1.0123744935464306e-7 0.9999999999999949
vn 0 1.0123744935464306e-7 0.9999999999999949
f 1513/1513/1513 1514/1514/1514 1515/1515/1515
f 1516/1516/1516 1517/1517/1517 1518/1518/1518
f 1519/1519/1519 1520/1520/1520 1521/1521/1521
f 1522/1522/1522 1523/1523/1523 1524/1524/1524
f 1525/1525/1525 1526/1526/1526 1527/1527/1527
f 1528/1528/1528 1529/1529/1529 1530/1530/1530
f 1531/1531/1531 1532/1532/1532 1533/1533/1533
f 1534/1534/1534 1535/1535/1535 1536/1536/1536
f 1537/1537/1537 1538/1538/1538 1539/1539/1539
f 1540/1540/1540 1541/1541/1541 1542/1542/1542
f 1543/1543/1543 1544/1544/1544 1545/1545/1545
f 1546/1546/1546 1547/1547/1547 1548/1548/1548
f 1549/1549/1549 1550/1550/1550 1551/1551/1551
f 1552/1552/1552 1553/1553/1553 1554/1554/1554
f 1555/1555/1555 1556/1556/1556 1557/1557/1557
f 1558/1558/1558 1559/1559/1559 1560/1560/1560
f 1561/1561/1561 1562/1562/1562 1563/1563/1563
f 1564/1564/1564 1565/1565/1565 1566/1566/1566
f 1567/1567/1567 1568/1568/1568 1569/1569/1569
f 1570/1570/1570 1571/1571/1571 1572/1572/1572
f 1573/1573/1573 1574/1574/1574 1575/1575/1575
f 1576/1576/1576 1577/1577/1577 1578/1578/1578
f 1579/1579/1579 1580/1580/1580 1581/1581/1581
f 1582/1582/1582 1583/1583/1583 1584/1584/1584
f 1585/1585/1585 1586/1586/1586 1587/1587/1587
f 1588/1588/1588 1589/1589/1589 1590/1590/1590
f 1591/1591/1591 1592/1592/1592 1593/1593/1593
f 1594/1594/1594 1595/1595/1595 1596/1596/1596
f 1597/1597/1597 1598/1598/1598 1599/1599/1599
f 1600/1600/1600 1601/1601/1601 1602/1602/1602
f 1603/1603/1603 1604/1604/1604 1605/1605/1605
f 1606/1606/1606 1607/1607/1607 1608/1608/1608
f 1609/1609/1609 1610/1610/1610 1611/1611/1611
f 1612/1612/1612 1613/1613/1613 1614/1614/1614
f 1615/1615/1615 1616/1616/1616 1617/1617/1617
f 1618/1618/1618 1619/1619/1619 1620/1620/1620
f 1621/1621/1621 1622/1622/1622 1623/1623/1623
f 1624/1624/1624 1625/1625/1625 1626/1626/1626
f 1627/1627/1627 1628/1628/1628 1629/1629/1629
f 1630/1630/1630 1631/1631/1631 1632/1632/1632
f 1633/1633/1633 1634/1634/1634 1635/1635/1635
f 1636/1636/1636 1637/1637/1637 1638/1638/1638
f 1639/1639/1639 1640/1640/1640 1641/1641/1641
f 1642/1642/1642 1643/1643/1643 1644/1644/1644
f 1645/1645/1645 1646/1646/1646 1647/1647/1647
f 1648/1648/1648 1649/1649/1649 1650/1650/1650
f 1651/1651/1651 1652/1652/1652 1653/1653/1653
f 1654/1654/1654 1655/1655/1655 1656/1656/1656
f 1657/1657/1657 1658/1658/1658 1659/1659/1659
f 1660/1660/1660 1661/1661/1661 1662/1662/1662
f 1663/1663/1663 1664/1664/1664 1665/1665/1665
f 1666/1666/1666 1667/1667/1667 1668/1668/1668
f 1669/1669/1669 1670/1670/1670 1671/1671/1671
f 1672/1672/1672 1673/1673/1673 1674/1674/1674
f 1675/1675/1675 1676/1676/1676 1677/1677/1677
f 1678/1678/1678 1679/1679/1679 1680/1680/1680
